txn_amount,hour,distance_from_home,avg_daily_spend,num_txn_today,foreign_txn,is_fraud
302.55,4,100.0,52,17,1,1
97.72,14,11.8,262,5,0,0
650.01,14,83.4,396,5,0,0
67.56,16,9.3,390,3,0,0
14.67,18,9.0,145,2,0,0
88.03,8,2.0,207,5,0,0
74.87,19,4.3,181,7,0,0
540.19,20,26.1,111,5,0,0
301.31,12,24.9,158,3,0,0
82.85,16,13.6,153,6,0,0
115.02,9,8.9,362,4,0,0
292.27,15,0.7,333,3,0,0
148.73,12,9.2,338,7,0,0
83.83,9,2.4,210,5,0,0
108.4,17,0.2,363,5,0,0
143.2,18,5.4,396,1,0,0
39.75,17,14.4,135,1,0,0
89.44,14,4.3,369,4,0,0
180.58,19,36.3,315,4,0,0
200.0,5,204.2,199,15,1,1
11.36,8,3.2,143,1,0,0
255.11,12,5.3,305,2,0,0
200.0,4,100.0,100,27,0,1
90.31,17,1.9,301,4,0,0
200.0,23,164.3,178,16,0,1
153.75,14,9.0,235,2,0,0
156.13,20,23.0,113,4,0,0
40.0,16,53.0,333,1,0,0
170.51,19,24.5,223,5,0,0
1.59,9,31.3,328,1,0,0
74.63,9,22.3,386,5,0,0
287.33,9,8.0,285,7,0,0
192.58,21,17.2,123,7,0,0
19.42,15,11.7,338,2,0,0
121.48,9,1.0,141,6,0,0
35.37,10,6.9,348,5,0,0
244.12,12,9.6,220,5,0,0
416.59,8,38.1,142,5,0,0
49.33,17,0.7,384,5,0,0
55.66,19,13.5,374,1,0,0
497.67,12,10.6,322,1,0,0
664.3,0,347.7,71,11,1,1
198.57,17,2.7,278,4,0,0
77.55,9,6.0,244,6,0,0
215.65,21,40.2,210,7,0,0
26.0,21,14.5,112,2,0,0
100.97,14,15.6,347,1,0,0
66.93,11,36.0,323,5,0,0
7.33,17,33.0,117,7,0,0
112.73,11,5.8,254,2,0,0
129.13,18,3.7,254,7,0,0
279.45,9,5.8,377,1,0,0
120.34,11,8.8,264,3,0,0
90.02,19,16.7,214,1,0,0
8.23,10,16.5,109,1,0,0
10.69,11,0.8,305,1,0,0
452.29,11,6.7,312,4,0,0
2.59,8,14.4,351,3,0,0
64.6,12,1.1,311,5,0,0
8.8,21,22.6,385,1,0,0
125.43,17,1.4,252,1,0,0
20.49,21,2.0,151,4,0,0
156.67,13,7.2,120,6,0,0
117.32,17,15.5,176,7,0,0
1638.86,23,100.0,162,18,1,1
776.46,1,675.3,74,13,1,1
336.8,17,18.3,348,2,0,0
346.65,14,8.1,167,5,0,0
30.24,8,45.2,110,7,0,0
279.97,21,6.3,372,5,0,0
33.69,21,32.4,154,2,0,0
114.8,9,27.5,263,3,0,0
26.11,13,0.2,199,2,0,0
61.9,17,18.5,262,7,0,0
405.49,14,6.0,100,5,0,0
30.34,10,6.8,384,3,0,0
80.85,18,13.7,377,1,0,0
133.5,16,12.7,134,6,0,0
282.67,10,1.0,193,2,0,0
1281.53,0,1000.0,88,24,1,1
1.0,15,16.5,358,6,0,0
74.5,15,12.4,100,6,0,0
64.27,17,7.8,195,2,0,0
202.87,15,12.7,192,4,0,0
246.29,16,11.6,332,4,0,0
47.54,9,6.1,313,1,0,0
537.52,13,12.1,378,1,0,0
169.98,15,7.0,355,4,0,0
239.63,20,10.8,241,2,0,0
264.13,20,10.6,339,4,0,0
59.7,8,1.7,242,6,0,0
116.29,14,1.7,317,4,0,0
1.6,19,22.0,232,2,0,0
671.87,9,9.7,308,7,0,0
343.06,22,688.7,163,21,0,1
836.08,1,330.7,121,25,0,1
22.81,18,9.8,142,4,0,0
63.5,16,2.6,295,1,0,0
1.0,11,10.7,208,7,0,0
200.0,23,365.7,102,15,1,1
127.26,13,38.2,182,5,0,0
65.7,19,0.0,276,1,0,0
17.61,8,36.0,338,4,0,0
149.92,18,20.0,282,6,0,0
379.37,19,10.0,249,1,1,0
208.13,20,3.1,129,5,0,0
156.47,19,26.9,288,7,0,0
122.07,16,0.3,160,6,0,0
149.94,17,0.2,264,5,0,0
102.79,18,0.7,333,6,0,0
25.19,8,4.8,344,4,0,0
16.75,12,4.8,352,2,0,0
185.74,12,14.4,166,1,0,0
30.95,15,11.0,273,3,0,0
271.47,16,34.5,371,4,0,0
159.17,20,6.1,242,1,0,0
3.07,13,20.8,252,5,0,0
358.75,21,28.6,205,7,0,0
71.5,21,7.3,345,4,0,0
9.64,17,2.5,396,5,0,0
1345.28,3,174.8,192,10,0,1
7.03,9,13.2,103,7,0,0
385.52,19,3.8,365,5,0,0
23.2,8,7.6,303,1,0,0
3.39,17,15.7,345,6,0,0
8.57,9,6.3,382,1,0,0
85.72,13,2.6,298,7,0,0
338.71,20,18.0,286,7,0,0
123.98,10,11.8,318,1,0,0
686.68,9,22.2,315,2,0,0
885.13,5,493.4,177,17,0,1
259.2,3,165.8,160,10,0,1
11.13,13,28.2,335,1,0,0
214.97,8,7.1,130,6,0,0
99.37,14,67.8,357,7,0,0
113.02,11,45.1,156,7,0,0
200.0,0,100.0,65,26,0,1
412.5,0,449.6,51,15,1,1
183.74,17,10.5,221,1,0,0
12.47,9,23.4,127,5,0,0
196.09,16,27.4,316,5,0,0
255.13,15,7.0,115,3,0,0
112.44,14,17.6,214,5,0,0
235.55,14,60.5,270,3,0,0
70.31,15,31.8,399,6,0,0
233.37,11,19.0,289,4,0,0
40.12,17,28.5,305,5,0,0
124.49,18,83.1,359,1,0,0
94.27,12,18.1,223,5,0,0
99.83,20,1.8,306,6,0,0
180.01,20,38.5,224,2,0,0
226.12,20,21.5,255,1,0,0
38.52,14,15.4,142,5,0,0
393.86,13,24.3,167,5,0,0
69.04,21,9.3,115,7,0,0
64.27,8,54.0,394,7,0,0
119.67,18,22.7,278,1,0,0
16.93,11,9.5,373,1,0,0
62.25,17,10.6,120,7,0,0
23.88,17,3.0,314,1,0,0
47.89,12,27.4,135,3,0,0
113.89,17,46.2,305,4,0,0
151.85,13,11.4,252,2,0,0
135.39,12,11.1,121,3,1,0
723.09,5,501.9,91,14,0,1
450.69,10,7.3,311,1,0,0
134.11,8,7.7,315,1,0,0
547.11,20,2.9,276,2,0,0
296.7,12,21.3,225,6,0,0
198.82,17,13.0,198,4,0,0
28.25,11,6.6,219,7,0,0
243.34,16,11.7,380,7,0,0
1355.19,0,100.0,154,25,1,1
829.11,1,100.0,114,23,0,1
108.54,8,6.5,249,1,0,0
117.35,18,26.1,358,1,0,0
28.43,18,18.1,383,6,0,0
53.94,19,29.4,248,6,0,0
312.76,17,4.8,156,5,0,0
450.37,9,7.8,338,6,0,0
45.15,17,37.0,362,3,0,0
85.92,15,23.0,209,4,0,0
200.0,0,100.0,122,17,0,1
479.16,20,37.8,216,7,0,0
127.94,12,51.5,153,1,0,0
389.2,19,4.5,243,6,0,0
254.59,22,432.4,158,22,0,1
131.89,17,45.4,173,6,0,0
110.81,19,11.1,242,7,0,0
11.41,21,20.6,213,5,0,0
46.55,17,20.7,207,1,0,0
124.93,17,2.3,267,6,0,0
252.1,19,0.6,191,3,0,0
39.48,8,0.8,158,3,0,0
100.48,12,45.0,152,5,0,0
181.92,19,3.2,246,5,1,0
86.76,8,24.1,320,3,0,0
6.85,16,46.2,219,6,0,0
24.35,10,24.0,315,7,0,0
380.3,18,20.9,198,6,0,0
200.0,22,501.8,115,20,0,1
1.43,17,34.7,278,2,0,0
560.91,20,22.7,104,5,1,0
357.29,17,6.3,139,5,0,0
90.54,14,24.0,289,1,0,0
51.65,12,28.7,150,2,0,0
198.23,18,4.3,240,7,0,0
4.7,20,49.8,143,4,0,0
591.31,16,5.7,250,6,0,0
111.26,19,3.0,396,2,0,0
26.66,16,0.8,231,6,0,0
41.25,9,40.9,350,4,0,0
91.75,20,16.7,268,3,0,0
1.0,17,32.0,364,5,0,0
285.48,12,2.3,192,2,0,0
422.67,5,208.1,155,27,0,1
251.54,14,58.5,171,2,0,0
30.89,8,14.2,213,1,0,0
126.79,17,64.1,275,2,0,0
130.82,16,3.1,136,1,0,0
272.04,16,6.6,216,3,0,0
100.6,13,0.6,272,5,0,0
105.86,21,32.0,332,5,0,0
2.62,16,2.5,239,1,0,0
200.0,3,100.0,59,27,0,1
700.26,3,100.0,137,11,0,1
17.69,10,49.4,373,1,0,0
385.77,21,7.4,277,1,0,0
10.99,18,4.2,193,1,0,0
248.1,13,0.9,186,5,0,0
655.77,23,100.0,108,18,1,1
160.12,16,12.7,391,2,0,0
134.26,15,1.2,302,2,0,0
75.51,20,85.3,372,2,0,0
108.58,10,31.8,256,7,0,0
290.95,15,22.7,134,1,0,0
89.58,8,1.2,164,7,0,0
298.37,11,32.9,352,6,0,0
69.07,17,10.7,228,1,0,0
6.8,14,5.2,276,2,0,0
6.29,15,10.5,103,6,0,0
172.43,20,5.2,106,3,0,0
13.03,10,5.6,222,4,0,0
20.51,10,10.3,108,4,0,0
14.38,16,13.3,314,3,0,0
1.0,13,13.0,165,3,0,0
111.82,12,1.3,214,3,0,0
200.0,22,100.0,108,19,1,1
46.25,14,1.8,320,1,0,0
10.64,13,10.3,219,3,0,0
33.07,18,7.4,164,1,0,0
27.87,12,9.0,120,1,0,0
837.58,14,1.7,150,1,0,0
78.45,20,24.9,346,6,0,0
7.4,17,6.3,148,7,0,0
24.72,11,27.8,255,6,0,0
7.85,11,1.8,186,7,0,0
341.98,13,5.9,356,6,0,0
200.0,2,100.0,128,11,1,1
166.28,20,7.8,227,1,0,0
93.47,8,13.2,208,2,0,0
2261.89,22,205.4,119,28,1,1
107.26,18,6.0,168,4,0,0
228.53,16,6.7,281,1,0,0
166.76,12,1.9,327,3,0,0
39.69,14,32.5,285,3,0,0
217.77,19,3.5,117,7,0,0
212.39,9,16.2,381,7,0,0
76.22,8,36.8,377,1,0,0
175.33,16,0.4,332,1,0,0
17.74,8,0.5,278,4,0,0
296.44,1,262.7,55,19,1,1
3.96,21,70.2,323,3,0,0
56.62,17,0.8,376,7,0,0
200.0,5,1000.0,174,18,0,1
200.0,1,166.0,123,12,1,1
29.97,13,0.9,148,2,0,0
75.77,19,18.5,305,6,0,0
440.95,8,0.7,200,4,0,0
100.28,8,0.7,318,5,0,0
1726.54,0,100.0,104,17,0,1
130.54,11,14.6,254,5,0,0
86.03,14,10.2,277,4,0,0
150.65,19,1.0,369,4,0,0
168.5,12,4.1,359,7,0,0
112.15,14,16.8,136,6,1,0
104.23,10,29.1,183,7,0,0
150.5,16,15.6,335,7,0,0
265.72,9,8.8,243,3,0,0
39.82,19,14.9,188,3,0,0
136.31,20,7.7,201,7,0,0
237.46,20,3.8,171,6,0,0
6.65,12,17.2,232,5,0,0
41.3,15,19.4,275,6,0,0
153.65,11,9.2,214,1,0,0
224.45,16,2.8,288,3,0,0
151.96,17,14.7,385,1,0,0
110.41,17,8.3,221,2,0,0
349.53,2,100.0,120,13,0,1
34.67,19,61.9,378,3,0,0
44.58,9,21.3,385,6,0,0
145.01,9,30.5,182,6,0,0
619.4,0,628.7,107,25,1,1
53.25,14,19.3,116,1,0,0
4.79,14,14.7,169,6,0,0
200.0,1,100.0,81,22,0,1
184.06,14,4.0,391,4,0,0
253.61,11,12.0,104,7,0,0
175.74,14,0.7,361,7,0,0
167.91,15,11.2,199,2,0,0
74.17,9,1.7,138,3,0,0
290.67,15,0.9,144,4,0,0
309.72,10,2.1,143,3,0,0
87.34,12,15.2,393,7,0,0
198.89,9,2.7,319,4,0,0
8.55,17,17.1,171,4,0,0
11.9,15,9.9,168,7,0,0
145.39,15,8.8,286,5,0,0
2568.38,2,392.5,134,22,1,1
233.66,13,6.2,276,1,0,0
117.44,19,10.6,328,6,0,0
285.02,8,16.4,309,6,0,0
334.56,19,5.8,218,4,0,0
170.71,11,2.1,151,5,0,0
16.47,11,15.5,134,3,0,0
12.2,19,49.5,228,6,0,0
1150.24,0,282.3,182,13,1,1
120.37,21,23.7,364,5,0,0
193.86,18,95.2,318,6,0,0
233.88,10,79.6,161,2,0,0
161.99,12,3.7,171,6,0,0
208.57,21,15.8,134,4,0,0
207.25,11,6.6,256,5,0,0
1.0,18,35.6,136,5,0,0
4.02,10,1.7,105,4,0,0
110.98,11,10.2,240,5,0,0
67.87,13,39.2,129,7,0,0
183.58,21,38.8,231,6,0,0
199.01,17,13.6,162,4,0,0
5.8,17,8.0,209,3,0,0
179.9,12,0.8,326,5,0,0
97.25,14,0.7,352,1,0,0
1254.95,2,104.8,184,16,0,1
57.78,14,3.8,355,2,0,0
145.88,11,16.7,176,7,0,0
150.71,19,26.9,101,5,0,0
279.01,18,21.9,112,1,0,0
807.17,0,300.7,70,16,0,1
25.75,11,33.2,126,5,0,0
8.8,18,8.0,354,4,0,0
8.91,20,19.7,294,6,0,0
15.15,8,7.0,122,3,0,0
140.47,11,6.5,159,7,0,0
36.4,10,92.5,150,7,0,0
66.04,12,2.6,116,6,0,0
360.32,20,3.1,186,5,0,0
64.39,20,1.5,129,1,0,0
50.43,8,9.5,211,2,0,0
26.32,8,6.2,133,1,0,0
1.0,10,34.8,183,2,0,0
92.57,20,27.8,294,2,0,0
288.16,12,100.0,113,2,0,0
22.99,20,5.6,334,1,0,0
146.01,20,31.5,239,7,0,0
33.44,18,10.0,343,1,0,0
140.75,17,16.2,286,7,0,0
36.07,15,13.8,353,5,0,0
118.61,18,9.8,193,7,0,0
211.28,18,35.0,277,7,0,0
173.96,10,16.7,289,1,0,0
164.94,21,12.0,182,5,0,0
200.0,2,242.2,183,14,0,1
738.49,19,18.5,362,5,0,0
1.16,20,8.6,223,3,0,0
17.67,19,6.4,244,7,0,0
53.0,17,21.1,117,7,0,0
3.96,18,12.6,291,3,0,0
163.86,14,11.5,305,2,0,0
690.36,22,316.5,123,14,0,1
8.13,10,0.1,104,6,0,0
61.39,15,39.5,138,5,0,0
5.42,16,1.4,332,4,0,0
161.9,9,6.4,159,2,0,0
119.78,19,54.1,128,3,0,0
36.34,18,22.4,347,2,0,0
226.2,11,0.8,342,5,0,0
363.01,13,22.0,191,7,0,0
26.67,10,35.2,248,6,0,0
120.03,13,4.9,158,3,0,0
41.91,17,28.0,359,4,1,0
44.96,16,21.5,115,1,1,0
70.01,13,17.5,338,3,0,0
171.37,9,22.6,296,2,0,0
34.31,21,11.5,333,1,0,0
351.08,18,1.1,238,2,0,0
265.9,9,2.1,191,4,0,0
74.84,11,10.2,346,6,0,0
182.67,11,18.1,307,6,0,0
24.64,11,12.3,133,7,0,0
29.26,9,6.0,194,6,0,0
70.98,15,4.5,254,5,0,0
83.66,10,19.9,252,4,0,0
180.96,15,25.6,336,4,0,0
222.76,11,17.3,311,5,0,0
128.55,17,32.2,132,3,0,0
104.28,15,8.9,286,7,0,0
1132.93,1,418.2,170,21,0,1
1.0,17,33.0,110,6,0,0
89.87,18,2.2,367,2,0,0
98.8,16,10.5,236,1,0,0
164.83,12,2.6,245,6,0,0
104.05,20,60.1,277,1,0,0
89.85,11,18.5,395,2,0,0
102.11,10,10.2,244,6,0,0
23.96,14,8.3,191,5,0,0
206.06,19,14.1,204,3,0,0
176.64,19,16.2,238,6,0,0
238.12,9,18.1,137,1,0,0
375.51,20,5.1,258,3,0,0
97.85,15,18.6,260,5,0,0
17.81,15,14.8,215,1,0,0
12.06,10,17.8,128,5,0,0
309.02,13,15.8,209,2,0,0
15.08,17,5.7,371,1,0,0
721.91,12,13.0,138,6,0,0
2447.49,0,100.0,167,23,0,1
40.69,10,21.6,153,1,0,0
467.89,12,14.1,164,6,0,0
138.07,8,34.3,344,2,0,0
234.03,17,3.7,101,7,0,0
76.19,20,44.9,237,4,0,0
371.81,8,100.0,231,5,0,0
355.74,15,7.9,298,5,0,0
226.58,12,17.7,191,1,0,0
1108.81,3,191.8,134,26,1,1
200.0,3,100.0,60,28,1,1
146.16,16,12.2,253,5,0,0
90.18,19,4.3,288,2,0,0
9.72,13,7.1,217,6,0,0
148.18,9,36.9,101,4,0,0
141.34,8,13.6,102,2,0,0
124.59,18,16.2,324,6,0,0
71.68,16,11.6,296,5,1,0
43.25,8,6.1,282,2,0,0
22.72,21,30.2,379,5,0,0
230.08,14,1.9,111,7,0,0
32.06,21,17.3,320,3,1,0
47.39,9,3.1,268,4,0,0
633.44,21,17.3,193,1,0,0
226.22,13,78.5,120,6,0,0
345.95,13,79.3,398,2,0,0
147.21,15,23.2,231,2,0,0
137.62,19,18.5,107,2,0,0
25.21,13,63.5,144,5,0,0
200.0,22,247.8,161,24,1,1
358.37,19,17.5,140,2,0,0
74.15,13,5.5,325,5,0,0
83.03,19,8.1,328,3,0,0
57.09,13,8.0,291,1,0,0
269.77,10,4.2,375,1,0,0
58.32,10,1.0,180,5,0,0
160.0,18,6.7,269,4,1,0
171.04,14,1.5,348,2,0,0
86.87,14,24.4,228,7,1,0
18.21,12,7.5,258,1,0,0
141.79,11,5.5,330,2,0,0
11.95,8,17.7,295,7,0,0
317.67,21,6.5,165,4,0,0
173.02,16,3.2,144,5,0,0
127.29,16,25.1,278,6,0,0
62.63,21,20.8,229,2,0,0
262.18,20,1.8,194,4,0,0
406.85,19,8.2,213,7,0,0
136.97,14,2.5,399,3,0,0
4.41,16,0.1,101,3,0,0
84.11,14,8.6,357,1,0,0
125.04,19,14.2,173,5,0,0
310.61,12,12.7,333,2,0,0
299.79,10,5.5,251,5,1,0
101.53,17,0.4,352,5,0,0
1058.39,3,100.0,128,15,0,1
111.1,21,10.8,281,5,0,0
43.27,10,5.3,334,5,0,0
25.11,11,0.1,181,6,0,0
4.0,12,20.4,199,5,0,0
27.88,12,26.5,343,4,0,0
59.13,20,28.2,255,1,0,0
152.63,16,0.9,339,5,0,0
42.73,9,100.0,120,4,0,0
50.18,20,5.8,232,5,0,0
56.57,11,0.2,133,7,0,0
427.77,9,51.2,386,6,0,0
2309.67,1,100.0,86,19,0,1
18.82,19,4.0,189,3,1,0
23.36,11,37.2,117,5,0,0
331.09,19,12.1,300,2,0,0
87.06,13,24.2,175,4,0,0
36.07,10,1.8,288,7,0,0
124.63,21,3.4,111,7,0,0
88.09,8,2.9,369,6,0,0
265.85,8,4.7,240,3,0,0
4.34,11,18.7,134,7,0,0
135.7,15,17.2,392,6,0,0
158.11,14,11.5,302,6,0,0
29.24,16,1.1,130,4,0,0
200.0,2,100.0,52,24,0,1
263.08,17,7.6,307,1,0,0
46.87,15,3.4,375,5,0,0
200.0,5,124.0,165,21,1,1
104.66,20,5.1,201,4,0,0
120.91,11,18.8,210,7,1,0
55.97,11,0.7,184,5,1,0
2.99,16,8.6,316,4,0,0
111.95,13,2.7,382,7,0,0
634.29,22,128.3,133,20,1,1
86.72,13,2.1,140,3,0,0
550.55,15,35.5,120,4,0,0
10.71,17,21.8,249,5,0,0
201.72,15,10.8,398,1,0,0
155.64,12,1.7,351,5,0,0
410.89,16,16.4,248,5,0,0
239.6,14,10.5,390,4,0,0
107.31,11,17.3,194,4,0,0
27.57,8,25.4,139,1,0,0
107.56,8,38.2,233,4,0,0
328.88,19,6.1,276,7,0,0
256.68,14,14.8,127,7,0,0
174.29,12,4.1,109,4,0,0
1.0,21,11.5,277,3,0,0
40.91,11,2.2,179,4,0,0
51.26,8,38.9,329,4,0,0
200.0,5,976.5,97,26,1,1
27.81,17,7.7,126,2,0,0
133.05,12,10.9,109,6,0,0
215.2,15,6.5,140,4,0,0
200.0,2,165.8,82,15,0,1
7.34,21,20.5,207,1,0,0
85.51,20,1.5,336,5,0,0
83.82,21,12.3,227,1,0,0
2145.46,0,446.0,159,29,1,1
72.03,9,1.8,304,3,0,0
45.26,19,11.7,376,1,0,0
515.16,12,6.0,225,6,1,0
739.78,17,3.0,346,5,0,0
78.98,15,7.2,264,4,0,0
52.97,18,16.2,255,5,0,0
56.55,11,25.0,181,2,0,0
27.4,17,11.1,311,3,0,0
200.0,2,217.1,197,20,1,1
200.0,23,100.0,193,10,1,1
218.83,14,10.1,247,3,0,0
33.89,11,18.6,347,3,0,0
50.41,15,7.9,137,3,0,0
79.59,20,3.6,208,1,0,0
229.17,17,4.1,228,3,0,0
6.24,13,6.6,133,2,0,0
14.37,18,9.4,174,6,0,0
200.0,1,201.6,139,25,1,1
127.94,11,6.5,202,1,0,0
156.93,8,18.1,304,4,0,0
223.21,21,20.8,180,7,0,0
1760.49,3,707.5,108,23,0,1
72.16,21,23.6,155,5,0,0
211.41,8,16.3,163,1,0,0
584.51,19,15.0,312,2,0,0
231.83,16,2.2,250,2,0,0
529.18,3,211.0,143,13,1,1
165.19,15,13.0,108,7,0,0
403.07,13,40.9,240,7,0,0
64.36,11,8.0,263,2,0,0
172.19,13,21.9,371,6,0,0
47.09,11,0.6,180,2,0,0
53.98,12,9.7,215,2,0,0
7.32,11,4.0,274,3,0,0
124.99,8,1.7,213,7,0,0
109.18,11,9.9,295,6,1,0
17.42,10,10.6,303,6,0,0
143.89,12,49.0,244,4,0,0
1631.87,22,301.2,119,29,1,1
210.89,23,196.1,164,19,1,1
139.76,21,18.9,116,5,0,0
564.5,0,181.8,66,28,1,1
63.74,14,13.1,121,5,0,0
342.8,12,47.4,136,5,0,0
62.54,19,13.0,239,7,0,0
112.37,9,47.1,312,5,0,0
156.44,19,0.1,238,1,0,0
321.33,15,13.3,181,6,0,0
264.15,14,16.2,177,5,0,0
58.33,11,0.8,125,4,0,0
200.0,2,100.0,66,22,0,1
12.0,18,29.7,353,5,0,0
702.5,1,100.0,195,14,0,1
142.51,19,5.6,217,4,0,0
195.99,16,39.2,192,6,0,0
72.16,14,6.9,111,5,0,0
98.45,16,39.1,281,6,0,0
609.38,23,100.0,92,13,0,1
122.02,10,12.4,103,6,0,0
74.3,13,0.4,164,3,0,0
75.0,17,8.8,316,1,0,0
213.5,18,15.5,370,1,0,0
15.7,20,14.4,126,2,0,0
43.43,9,72.3,178,4,0,0
118.76,11,3.3,169,1,0,0
142.03,12,34.9,125,6,0,0
84.24,17,33.1,309,3,0,0
147.91,10,6.9,340,7,0,0
25.73,10,14.9,377,4,0,0
105.74,21,20.9,151,5,0,0
103.3,15,10.7,298,4,0,0
72.72,9,21.5,361,7,0,0
307.21,15,10.2,345,5,0,0
30.12,13,11.1,159,3,0,0
522.21,13,24.9,184,4,0,0
234.05,20,9.1,327,5,0,0
115.62,17,3.4,252,5,0,0
34.51,15,30.8,311,7,0,0
235.06,10,20.0,172,2,0,0
3.72,18,5.5,369,5,0,0
192.19,18,14.9,197,3,1,0
278.19,10,18.7,129,6,0,0
40.8,12,2.2,369,6,0,0
21.97,10,38.9,337,7,0,0
623.4,5,262.8,149,25,1,1
87.32,20,13.6,196,6,0,0
285.09,10,10.6,201,5,0,0
269.58,11,3.9,222,7,0,0
32.57,17,12.9,121,1,0,0
29.62,11,5.6,134,7,0,0
135.77,18,42.1,204,5,0,0
961.6,3,185.4,185,18,0,1
193.35,17,10.6,125,7,1,0
228.62,16,16.2,131,6,0,0
262.28,10,26.7,372,6,0,0
81.35,9,33.7,192,3,0,0
200.0,23,392.0,145,12,1,1
208.3,22,100.0,75,15,0,1
12.9,20,12.8,170,7,0,0
89.85,12,6.0,186,7,0,0
392.74,17,14.1,233,7,0,0
8.99,20,27.9,355,7,0,0
43.26,10,36.6,338,5,0,0
200.0,4,386.0,143,21,0,1
292.13,5,605.7,131,23,0,1
2670.89,0,156.5,107,17,1,1
93.49,16,4.6,238,4,0,0
53.73,21,2.4,272,3,0,0
322.94,20,18.9,347,4,0,0
35.73,13,0.4,189,7,0,0
102.28,15,2.8,298,7,0,0
211.77,8,30.1,367,6,0,0
52.12,10,0.8,220,7,0,0
151.18,10,10.4,229,1,0,0
30.31,14,19.0,291,3,0,0
209.34,15,7.2,230,1,0,0
317.2,12,9.9,111,3,0,0
1623.23,4,100.0,57,26,0,1
132.52,12,1.4,327,5,0,0
144.71,14,2.1,362,2,0,0
70.69,14,16.5,352,6,0,0
46.75,12,10.1,364,6,0,0
428.29,12,21.4,170,1,0,0
348.89,13,42.6,249,4,0,0
22.77,20,5.1,327,4,0,0
204.95,8,3.4,377,7,0,0
2.62,11,26.6,190,3,0,0
127.78,9,7.2,177,3,0,0
192.18,19,23.9,169,4,0,0
113.0,21,0.3,388,6,0,0
58.97,16,29.7,272,6,0,0
139.69,11,3.7,326,5,0,0
9.79,20,6.6,200,2,0,0
43.85,15,8.4,111,6,0,0
229.81,14,14.0,272,2,0,0
420.02,18,12.5,207,1,0,0
108.47,15,32.4,381,1,0,0
108.32,15,22.9,395,1,0,0
2.62,21,3.7,341,3,0,0
379.8,3,979.3,105,22,1,1
118.18,21,25.9,200,2,0,0
149.55,8,7.1,245,2,0,0
13.25,8,18.4,210,1,0,0
251.06,14,9.4,310,2,0,0
174.49,17,7.9,168,5,0,0
103.51,19,20.5,172,4,0,0
171.81,13,19.9,151,1,0,0
28.91,20,20.1,386,1,0,0
1.0,11,23.3,181,5,0,0
512.85,18,3.2,241,1,0,0
142.81,19,3.6,298,2,0,0
277.7,17,7.0,234,3,0,0
68.86,15,0.3,148,1,0,0
54.1,21,9.5,311,7,0,0
33.84,21,45.9,198,7,0,0
131.42,8,11.2,228,2,0,0
132.38,17,22.9,105,5,0,0
59.7,12,33.9,296,1,0,0
102.36,12,12.0,116,4,1,0
117.64,12,30.5,268,1,0,0
328.63,1,859.9,192,27,1,1
365.68,0,100.0,144,25,0,1
47.21,17,4.2,141,2,0,0
266.43,4,164.3,154,14,1,1
13.9,14,11.9,193,6,0,0
124.94,21,3.0,192,3,0,0
21.2,21,19.4,190,7,0,0
90.32,12,11.3,339,3,0,0
276.81,17,19.2,381,4,0,0
39.96,9,0.2,242,6,0,0
153.62,16,11.5,353,7,0,0
108.92,10,10.6,155,6,0,0
131.74,12,15.8,125,3,0,0
100.46,8,16.7,314,5,1,0
69.53,9,6.2,132,7,0,0
95.68,11,18.2,338,1,0,0
467.36,11,3.3,366,2,0,0
54.61,19,31.3,132,7,0,0
237.44,16,14.4,101,5,0,0
52.67,18,5.1,202,3,0,0
297.41,10,8.0,260,7,1,0
268.51,10,13.4,370,2,0,0
120.08,9,30.2,313,4,0,0
39.09,19,4.2,154,3,0,0
71.22,11,19.9,154,5,0,0
13.11,16,14.7,250,6,0,0
82.67,20,33.0,218,6,0,0
585.33,11,20.2,195,1,0,0
1.46,19,51.2,161,5,0,0
327.6,17,30.1,108,5,0,0
77.04,10,33.2,341,5,0,0
71.99,11,57.3,131,4,0,0
35.66,15,9.5,216,7,0,0
320.92,16,9.3,318,1,0,0
130.21,14,1.7,117,1,1,0
51.67,8,19.3,118,6,0,0
152.56,10,6.0,315,2,0,0
63.47,17,7.0,319,1,0,0
78.54,11,2.8,183,3,0,0
155.74,19,14.0,290,4,0,0
38.88,12,10.5,154,6,0,0
38.13,20,2.5,313,5,0,0
13.57,9,20.9,380,7,0,0
86.61,11,34.7,254,1,0,0
31.97,21,24.9,127,3,0,0
197.0,21,30.7,182,1,0,0
752.87,20,5.6,150,5,0,0
296.51,10,13.3,344,1,0,0
79.92,8,2.7,329,2,0,0
611.33,9,25.1,372,6,0,0
114.46,20,8.1,112,2,0,0
131.39,19,3.2,148,1,0,0
133.17,18,14.0,175,2,0,0
43.53,21,3.1,246,2,0,0
259.39,14,49.7,140,1,0,0
111.72,14,8.7,157,6,0,0
38.48,15,6.1,352,5,1,0
457.9,20,7.0,263,2,0,0
59.69,8,19.1,158,4,0,0
125.7,17,87.9,179,1,0,0
119.52,17,6.7,355,5,0,0
213.89,9,25.9,200,3,0,0
174.91,18,6.8,164,4,0,0
213.17,21,19.2,333,2,0,0
200.0,5,108.4,157,22,1,1
11.79,10,18.4,338,5,0,0
200.0,2,173.9,127,23,0,1
29.82,17,8.8,170,2,0,0
164.07,19,16.6,329,1,0,0
178.4,20,20.9,188,1,0,0
113.09,9,3.9,357,4,0,0
27.17,14,7.6,388,4,0,0
58.93,9,43.1,161,3,0,0
23.59,13,22.2,147,4,0,0
149.09,8,2.4,331,1,0,0
160.41,14,1.3,146,4,0,0
1976.11,0,314.8,68,21,1,1
84.78,19,7.2,104,7,0,0
52.18,21,27.0,274,4,0,0
51.13,20,3.7,384,1,0,0
170.76,19,4.2,282,5,0,0
20.97,12,2.3,370,4,0,0
11.03,21,10.6,344,1,0,0
34.54,20,2.8,153,5,0,0
5.05,20,12.6,147,2,0,0
387.74,11,17.0,225,2,0,0
373.02,14,2.8,230,3,0,0
107.47,10,4.4,125,2,0,0
2.42,9,18.8,228,7,0,0
240.43,17,0.5,223,1,0,0
196.94,20,5.2,211,4,0,0
2162.08,5,698.6,167,12,0,1
11.92,9,10.8,114,2,0,0
13.09,8,37.2,232,2,0,0
40.76,13,1.4,349,3,0,0
170.71,21,34.0,176,7,0,0
118.55,19,8.8,158,7,0,0
210.03,18,31.1,170,4,0,0
151.98,12,12.1,270,1,0,0
363.28,14,1.7,268,7,0,0
57.75,18,32.6,159,1,0,0
13.73,16,23.6,122,7,0,0
165.82,15,12.8,147,5,0,0
282.61,15,0.7,198,1,0,0
1269.79,1,230.0,130,23,0,1
127.18,18,17.0,130,6,0,0
51.8,17,9.5,381,3,0,0
337.44,13,11.8,389,7,0,0
102.62,16,55.4,337,4,0,0
100.29,19,31.1,111,2,0,0
21.09,11,9.7,216,7,0,0
277.83,11,12.3,136,5,0,0
66.6,15,5.2,334,5,0,0
230.99,15,17.4,230,2,0,0
200.0,1,100.0,88,29,1,1
15.31,13,43.6,341,5,0,0
154.77,18,0.3,113,3,0,0
114.24,11,6.5,327,1,0,0
63.39,12,7.3,209,1,0,0
101.31,18,19.9,109,6,0,0
491.56,4,155.5,166,25,0,1
241.33,10,6.0,115,1,0,0
12.31,14,14.6,167,1,0,0
24.68,14,5.3,292,5,0,0
34.96,11,30.6,307,2,0,0
25.97,21,21.4,182,4,0,0
70.73,9,27.9,390,7,0,0
164.78,14,6.9,284,1,0,0
5.34,17,1.4,215,6,0,0
67.29,20,17.7,271,5,0,0
61.9,8,11.8,100,7,0,0
94.61,13,6.4,106,6,0,0
42.41,9,10.5,228,5,0,0
172.16,14,13.9,245,4,0,0
95.78,8,14.4,108,4,0,0
655.11,13,14.9,349,6,0,0
115.32,19,1.5,286,1,0,0
31.04,17,9.1,147,7,0,0
460.48,13,5.1,199,6,0,0
87.03,10,41.5,130,5,0,0
205.02,15,15.4,384,7,0,0
52.88,15,10.4,108,7,0,0
426.03,23,240.8,198,21,1,1
100.87,20,0.9,107,4,0,0
46.16,9,22.7,188,3,0,0
29.19,20,19.2,115,1,0,0
31.02,11,14.6,299,2,0,0
90.57,14,7.5,107,1,0,0
511.76,10,1.0,347,5,0,0
1.87,13,0.8,304,2,0,0
83.8,10,10.5,296,1,0,0
501.07,9,6.6,151,4,0,0
127.53,11,26.5,385,2,0,0
480.32,20,14.1,374,4,0,0
173.29,13,19.8,137,6,0,0
255.46,15,11.5,163,4,0,0
89.43,14,8.6,123,5,0,0
56.33,8,26.5,356,5,0,0
1.83,21,1.7,284,4,0,0
312.61,8,6.8,253,2,0,0
248.34,8,22.9,373,7,0,0
39.84,12,7.1,351,4,0,0
109.17,8,17.2,127,7,0,0
86.88,9,29.5,395,3,0,0
210.69,16,59.9,392,1,0,0
179.96,8,19.5,355,3,0,0
27.4,21,0.8,336,6,0,0
200.0,23,331.6,173,14,1,1
569.91,18,2.2,271,2,0,0
200.0,1,100.0,81,21,0,1
128.22,21,23.2,250,6,0,0
339.31,20,18.7,223,5,0,0
1058.8,23,100.0,121,14,1,1
11.66,13,22.0,105,2,0,0
135.27,19,21.8,189,7,0,0
133.4,21,19.7,373,5,0,0
180.19,15,17.2,399,6,0,0
166.63,13,26.7,128,7,0,0
70.78,15,2.2,130,4,0,0
100.76,9,14.2,395,2,0,0
56.12,21,0.7,246,5,0,0
25.59,14,4.0,347,1,0,0
348.65,13,8.1,299,1,0,0
124.45,20,2.3,194,2,0,0
290.3,8,63.8,271,4,1,0
200.0,1,139.5,100,29,1,1
17.89,21,10.4,273,3,0,0
57.04,19,3.8,155,6,0,0
32.03,8,6.1,285,4,1,0
36.99,18,9.4,298,5,0,0
55.83,10,15.0,141,1,0,0
70.34,13,8.2,256,5,0,0
517.71,15,55.6,242,3,0,0
93.36,11,27.6,312,4,0,0
92.03,20,8.7,163,7,0,0
216.06,17,2.0,187,2,0,0
24.59,17,15.8,184,3,0,0
253.59,10,9.0,200,7,0,0
69.57,13,11.9,246,1,0,0
66.69,11,45.7,231,3,0,0
226.08,8,4.3,345,5,0,0
188.14,9,2.4,323,4,0,0
1057.51,23,100.0,189,25,0,1
463.89,16,1.0,104,4,0,0
255.65,21,22.2,361,3,0,0
200.0,3,237.4,126,17,0,1
305.78,2,153.6,68,16,1,1
178.68,16,37.0,232,5,0,0
53.97,16,2.3,124,7,0,0
5.53,17,12.3,284,2,0,0
7.05,21,10.6,264,6,0,0
480.21,0,279.9,82,23,1,1
326.31,20,1.4,391,7,0,0
424.58,8,4.0,339,1,0,0
132.32,16,19.8,238,3,0,0
37.92,8,26.1,344,7,0,0
62.5,20,2.4,167,3,0,0
70.42,21,17.3,197,1,0,0
359.65,12,22.4,236,6,0,0
528.8,2,130.6,137,19,1,1
23.22,11,16.8,100,1,0,0
98.31,11,13.1,383,2,0,0
3.88,16,32.3,260,3,0,0
416.58,18,14.4,154,5,0,0
418.55,20,7.4,156,3,0,0
254.22,5,100.0,175,16,1,1
97.89,13,13.4,219,7,0,0
501.52,10,9.8,375,4,0,0
399.43,9,15.7,352,5,0,0
1310.24,23,187.0,129,15,1,1
350.44,18,12.5,339,4,0,0
277.22,12,1.2,245,4,0,0
50.31,21,4.5,250,6,0,0
772.69,0,100.0,144,11,1,1
268.46,13,21.6,203,5,0,0
65.26,10,19.0,388,4,0,0
13.73,8,14.9,142,3,0,0
19.62,20,1.2,388,7,0,0
63.07,8,2.6,243,3,0,0
32.3,9,3.1,371,1,0,0
100.48,8,34.3,120,6,0,0
39.62,12,3.7,204,5,0,0
1.0,9,8.4,277,1,0,0
61.75,11,38.6,386,3,0,0
117.15,19,0.2,249,4,0,0
703.16,1,198.8,160,15,1,1
3670.53,5,144.5,112,24,1,1
200.0,5,893.9,179,16,1,1
174.96,9,15.5,124,5,0,0
1193.46,2,110.3,102,23,1,1
51.72,16,7.3,153,3,0,0
192.37,13,40.9,378,5,0,0
84.42,20,12.4,278,6,0,0
10.81,20,8.2,225,4,0,0
150.54,10,8.4,238,6,0,0
101.12,15,3.2,141,3,0,0
123.21,18,37.2,182,5,0,0
7.79,21,2.7,267,6,0,0
32.72,14,17.7,230,7,0,0
421.6,3,249.5,60,25,0,1
155.05,16,0.2,264,1,0,0
85.63,8,12.0,366,5,0,0
21.07,15,7.9,153,2,0,0
209.72,18,1.6,233,3,0,0
232.06,9,1.2,296,6,0,0
128.98,20,0.8,287,5,0,0
65.54,17,19.9,215,2,0,0
123.4,13,13.7,233,3,0,0
55.09,20,5.1,314,2,0,0
353.05,10,33.1,355,7,0,0
17.55,20,9.0,196,2,0,0
574.04,16,13.0,255,6,0,0
176.35,9,6.8,152,5,0,0
125.54,18,1.3,240,3,0,0
1488.82,22,100.0,116,13,1,1
35.56,8,10.7,306,7,0,0
106.57,12,15.9,302,3,0,0
147.65,18,100.0,209,5,0,0
200.0,4,100.0,177,14,1,1
205.83,20,2.0,361,3,1,0
289.48,16,6.1,163,2,0,0
59.14,18,3.0,217,3,0,0
39.22,9,11.6,370,4,0,0
398.95,11,7.5,245,5,0,0
33.57,20,5.0,308,4,0,0
11.42,17,9.3,337,5,0,0
47.99,17,20.7,238,3,0,0
2.41,8,14.5,324,7,0,0
140.69,8,11.2,157,1,0,0
46.63,15,13.9,399,5,0,0
139.72,13,29.4,124,1,0,0
162.52,16,2.6,193,7,0,0
32.38,19,12.0,322,4,0,0
141.75,17,46.0,226,6,0,0
1605.01,2,112.8,86,29,1,1
18.78,10,70.3,103,7,0,0
1305.51,5,198.1,169,24,1,1
62.73,9,6.7,102,7,0,0
82.03,21,0.9,211,4,0,0
38.75,16,6.0,212,1,0,0
51.6,8,13.7,229,6,0,0
74.94,18,40.8,188,4,0,0
6.87,18,10.4,130,4,0,0
125.11,9,7.0,204,7,0,0
42.12,10,9.1,375,6,0,0
16.98,17,4.0,259,4,0,0
347.09,10,6.2,319,5,0,0
41.64,17,38.4,380,5,0,0
5.45,15,0.4,361,6,0,0
1.0,10,4.9,135,7,0,0
44.68,10,0.5,266,2,0,0
44.12,17,0.7,385,2,0,0
98.58,13,8.2,141,7,0,0
245.6,15,1.0,370,5,0,0
199.74,13,19.5,360,2,0,0
87.38,13,30.7,367,4,0,0
191.12,20,12.0,271,4,0,0
487.71,13,0.9,153,7,0,0
78.91,10,6.0,219,1,0,0
278.1,16,17.5,227,3,0,0
42.86,10,32.7,378,1,0,0
184.41,13,11.0,226,7,0,0
243.09,9,23.0,318,1,0,0
212.53,13,27.2,377,3,0,0
5.46,19,27.8,177,7,1,0
496.13,15,9.1,397,5,0,0
200.0,5,100.0,178,10,1,1
189.45,13,31.5,135,5,0,0
204.67,12,22.5,163,6,0,0
192.72,12,3.9,102,3,0,0
962.88,5,100.0,107,21,1,1
187.22,13,10.6,361,1,0,0
74.22,18,2.9,274,4,0,0
271.59,13,15.2,292,5,0,0
191.98,12,44.1,369,6,0,0
36.41,16,4.1,213,4,0,0
208.73,9,10.1,156,7,0,0
5.8,8,5.8,121,7,0,0
2720.09,4,246.6,158,13,1,1
154.39,9,40.1,399,2,0,0
40.09,19,5.3,123,4,0,0
149.84,18,0.0,195,3,0,0
2.02,20,12.8,178,1,0,0
394.19,11,6.3,356,3,0,0
508.43,17,63.7,292,5,0,0
62.89,21,19.1,307,7,0,0
419.25,8,26.0,222,5,0,0
12.37,10,16.3,216,4,0,0
74.67,17,10.3,378,4,1,0
171.96,14,9.3,218,2,0,0
118.08,21,33.1,183,2,1,0
252.92,20,8.7,272,3,0,0
767.34,17,41.8,225,7,0,0
1.84,12,1.8,268,6,0,0
116.73,19,1.6,282,4,0,0
1199.64,5,100.0,75,14,0,1
1421.27,1,312.1,63,26,1,1
8.1,14,2.4,347,1,0,0
160.13,15,4.1,242,6,0,0
70.34,21,47.0,382,1,0,0
112.42,12,8.5,194,1,0,0
337.19,0,100.0,65,15,0,1
360.48,11,7.1,377,3,0,0
172.69,8,0.1,299,3,0,0
42.32,15,19.8,261,3,0,0
317.75,19,15.5,155,4,0,0
83.61,8,0.4,332,6,0,0
10.65,10,4.5,216,1,0,0
140.9,15,4.7,200,5,0,0
373.99,13,92.6,256,3,0,0
223.56,10,20.5,159,2,0,0
245.42,18,31.4,234,7,1,0
257.24,15,9.3,224,5,0,0
968.45,5,100.0,198,19,0,1
358.15,20,32.0,193,6,0,0
249.91,18,48.1,152,6,0,0
3.31,18,26.5,300,2,0,0
114.83,9,0.7,374,6,0,0
859.95,8,38.4,236,4,0,0
89.5,14,11.8,285,5,0,0
115.75,16,8.5,378,5,0,0
800.31,13,7.7,314,6,0,0
31.73,21,22.7,359,5,0,0
85.39,16,4.4,162,2,0,0
474.29,13,15.1,172,4,0,0
267.8,14,2.1,237,5,0,0
163.06,13,48.3,292,4,0,0
188.02,19,3.1,270,1,0,0
248.0,10,2.8,154,2,0,0
1.0,20,8.9,191,5,0,0
145.83,13,55.4,332,1,0,0
279.46,19,26.5,276,3,0,0
101.44,19,25.9,131,6,0,0
353.21,20,28.1,165,6,0,0
118.28,10,1.3,370,1,0,0
132.78,12,29.8,285,6,0,0
369.44,10,7.9,140,5,0,0
43.5,19,1.6,329,6,0,0
19.56,15,37.0,105,7,0,0
304.94,10,5.7,366,7,0,0
39.59,17,6.3,105,3,0,0
3221.73,0,100.0,107,19,0,1
18.67,19,3.1,118,6,0,0
72.25,16,54.1,273,2,0,0
259.42,8,14.9,121,2,0,0
168.07,10,20.3,199,2,0,0
116.29,8,28.4,241,7,0,0
195.61,8,14.2,145,6,0,0
45.33,16,0.9,367,1,0,0
303.74,17,47.0,285,4,0,0
9.34,11,16.1,249,1,0,0
171.85,8,16.0,263,5,0,0
93.87,10,28.9,225,1,0,0
93.48,20,6.7,323,3,0,0
354.65,16,4.6,242,4,0,0
95.87,15,31.8,353,7,0,0
144.41,9,33.0,287,7,0,0
53.06,13,0.5,105,4,1,0
366.03,17,27.8,105,4,0,0
412.68,17,1.3,309,5,0,0
57.65,21,6.9,247,2,0,0
216.34,17,20.0,238,1,0,0
53.22,15,3.7,173,2,0,0
479.84,19,2.1,219,5,0,0
162.63,9,2.0,214,3,0,0
24.16,10,31.1,350,4,0,0
95.13,19,5.2,262,2,0,0
179.42,13,14.1,161,1,0,0
275.85,20,18.9,249,3,0,0
18.46,15,1.6,177,6,0,0
332.02,19,19.3,113,6,0,0
91.82,14,3.4,349,2,0,0
1977.57,2,331.5,170,25,1,1
163.51,9,14.0,354,2,0,0
286.94,8,3.2,106,6,0,0
19.29,20,11.5,186,4,0,0
434.27,9,9.9,211,7,0,0
229.0,15,34.1,186,4,0,0
32.68,16,1.7,154,3,0,0
509.95,8,0.0,131,3,0,0
64.28,8,2.7,229,2,0,0
689.6,9,15.6,308,2,0,0
159.42,12,5.9,348,2,0,0
32.85,14,36.4,106,6,0,0
3092.65,1,332.8,160,23,1,1
289.06,13,24.6,111,4,0,0
58.37,18,0.3,164,1,0,0
29.91,13,7.0,296,4,0,0
4.85,13,12.7,110,2,0,0
334.76,14,1.3,337,5,0,0
306.38,15,11.0,115,6,0,0
2.66,8,3.5,224,4,0,0
312.59,8,0.2,360,5,1,0
251.62,15,17.4,158,4,0,0
12.37,14,8.9,330,3,0,0
72.78,19,34.0,347,3,0,0
128.61,9,2.8,197,1,0,0
97.71,21,32.0,261,1,0,0
204.55,9,3.5,171,7,0,0
24.31,16,16.7,240,4,0,0
23.61,8,25.3,351,6,0,0
36.48,11,9.3,332,4,0,0
208.98,9,9.1,355,7,0,0
67.45,8,0.6,226,1,0,0
382.89,20,2.7,279,7,0,0
44.77,12,48.7,261,4,0,0
403.86,20,18.9,244,6,0,0
990.91,20,18.6,330,5,0,0
1188.4,5,327.4,184,25,1,1
47.52,10,6.0,343,7,0,0
36.14,19,1.0,251,6,0,0
7.58,16,4.6,398,2,0,0
34.23,20,4.2,251,6,0,0
242.28,14,20.2,358,2,0,0
5.36,8,6.0,272,1,0,0
1322.53,4,100.0,73,17,1,1
1060.46,13,7.3,255,6,0,0
171.18,8,9.1,180,2,0,0
208.04,14,28.7,279,1,0,0
200.09,18,33.8,297,3,0,0
137.18,20,12.9,172,2,0,0
137.39,9,15.4,399,2,0,0
129.29,19,15.7,154,5,0,0
176.93,13,7.6,166,3,0,0
53.3,19,7.7,382,1,0,0
479.08,1,100.0,170,17,0,1
220.52,9,39.2,273,4,0,0
317.19,9,3.8,165,3,0,0
266.52,22,100.0,162,20,0,1
162.33,17,0.5,352,3,0,0
373.31,20,6.9,356,7,0,0
101.97,13,5.8,268,2,0,0
357.45,13,2.7,134,7,0,0
204.26,21,0.1,376,4,0,0
230.49,17,18.7,245,1,0,0
85.02,15,0.2,357,3,0,0
153.97,11,53.2,206,5,0,0
68.27,14,3.7,355,7,0,0
6.63,15,85.1,132,1,0,0
306.2,16,4.4,225,5,0,0
15.41,11,0.5,107,7,0,0
9.46,15,44.3,306,4,0,0
36.29,20,9.9,234,2,0,0
265.76,17,23.1,175,2,0,0
684.15,16,8.5,315,7,0,0
33.54,15,8.4,361,7,0,0
112.44,18,2.1,123,7,0,0
600.68,16,2.4,361,4,0,0
358.52,18,61.4,171,4,0,0
1568.4,0,368.9,138,18,1,1
59.1,12,6.2,205,3,0,0
83.6,13,35.1,331,5,0,0
172.46,11,29.2,170,2,0,0
53.2,12,14.6,380,1,0,0
46.1,14,0.1,397,1,0,0
44.46,17,9.4,311,1,0,0
206.68,8,6.7,282,3,0,0
249.01,17,1.5,109,5,0,0
205.62,16,67.7,159,1,0,0
49.6,19,5.4,217,6,0,0
10.86,16,9.4,275,4,0,0
263.18,17,7.2,111,5,0,0
167.34,14,14.8,369,5,0,0
55.41,14,6.0,126,7,0,0
110.53,11,6.6,199,5,0,0
6.23,8,17.9,350,5,0,0
222.59,18,47.7,286,4,0,0
945.9,21,8.6,306,5,0,0
75.45,14,5.5,381,3,0,0
48.63,19,5.1,368,7,0,0
351.93,0,100.0,94,11,0,1
87.28,11,7.3,106,4,0,0
174.52,9,0.2,367,5,0,0
50.38,14,34.9,384,1,0,0
8.96,9,12.8,278,6,0,0
25.79,17,1.4,338,1,0,0
8.43,8,5.1,193,3,0,0
149.61,21,19.7,203,6,0,0
80.55,10,15.2,161,4,0,0
56.15,8,3.9,319,1,0,0
185.59,14,2.5,138,5,0,0
235.96,16,22.5,373,6,0,0
399.92,14,4.7,370,7,0,0
336.62,11,21.9,265,2,0,0
40.41,15,17.6,343,5,0,0
43.6,9,27.8,359,1,0,0
5.71,13,24.1,336,6,0,0
122.94,14,34.0,398,3,0,0
112.66,12,8.4,384,4,0,0
75.4,15,11.9,232,6,0,0
51.36,17,2.2,172,7,0,0
4.39,12,19.1,211,6,0,0
563.17,21,2.5,205,1,0,0
27.54,17,17.4,222,6,0,0
33.33,19,36.9,113,6,0,0
59.56,14,46.0,154,3,0,0
171.96,19,10.4,387,5,0,0
55.51,16,21.0,354,2,0,0
17.41,16,6.4,352,4,0,0
16.4,21,20.9,277,5,0,0
1.0,21,2.1,339,7,0,0
190.34,9,10.8,388,3,0,0
75.34,13,71.3,305,7,0,0
53.01,10,21.4,194,5,0,0
52.88,21,0.1,344,3,0,0
292.58,8,0.9,236,2,0,0
188.99,18,25.4,380,5,0,0
59.1,20,39.7,370,7,0,0
155.55,13,78.6,227,4,0,0
290.01,16,30.4,186,6,1,0
29.33,13,25.4,364,3,0,0
8.76,13,0.3,327,5,0,0
70.83,9,32.1,155,5,0,0
238.04,10,18.8,258,5,0,0
67.97,15,8.5,246,2,0,0
53.5,20,15.2,192,1,0,0
25.7,13,21.1,216,6,0,0
216.86,12,0.1,239,4,0,0
154.81,19,10.2,355,4,0,0
561.5,0,284.5,189,15,1,1
83.88,9,24.6,342,4,0,0
127.98,18,1.2,221,2,0,0
172.79,15,8.8,393,6,0,0
104.1,19,19.3,205,2,0,0
258.12,9,26.3,330,3,0,0
27.7,9,5.7,318,6,0,0
150.97,17,14.4,204,5,0,0
41.76,21,17.6,310,1,0,0
311.25,20,20.4,141,2,0,0
31.47,11,14.0,210,2,0,0
324.79,0,100.0,115,22,0,1
67.23,19,63.4,184,4,0,0
92.38,8,13.0,177,5,0,0
134.51,16,15.3,241,5,1,0
415.26,23,292.5,72,15,1,1
175.92,12,28.7,225,4,0,0
148.61,21,18.9,313,7,0,0
42.59,14,1.6,199,5,0,0
675.51,0,139.9,143,20,1,1
195.9,21,9.3,385,2,0,0
78.49,21,4.5,397,2,0,0
206.14,17,3.1,173,3,0,0
108.19,13,3.5,386,4,0,0
79.99,8,0.7,357,1,0,0
440.03,11,32.2,216,2,0,0
200.0,0,582.0,171,19,1,1
155.54,14,38.2,257,3,0,0
38.63,16,8.5,179,2,0,0
148.11,19,33.8,254,3,0,0
1.43,21,99.6,147,7,0,0
102.85,12,39.6,153,2,0,0
213.88,15,17.7,110,5,0,0
34.09,21,1.8,324,6,1,0
248.52,9,4.6,123,6,0,0
7.13,17,8.9,381,3,0,0
15.29,13,26.5,187,1,0,0
360.42,18,8.2,279,7,0,0
374.78,11,19.4,343,4,0,0
21.0,8,9.1,395,6,0,0
140.59,14,7.2,135,1,0,0
342.17,20,6.9,187,3,0,0
64.45,9,4.3,203,7,0,0
444.45,3,100.0,109,21,1,1
142.44,15,23.9,382,5,0,0
368.94,18,17.2,328,5,0,0
99.05,9,4.2,308,2,0,0
105.47,11,12.6,376,5,0,0
11.46,16,7.0,369,1,0,0
438.3,11,9.2,177,1,0,0
2.55,14,58.2,175,4,0,0
294.93,14,0.1,333,1,0,0
94.1,18,11.9,146,3,0,0
98.54,9,38.9,225,2,1,0
11.09,11,6.7,191,4,0,0
478.34,14,4.7,328,3,0,0
415.81,11,15.4,181,3,0,0
152.97,18,1.7,103,4,0,0
117.19,10,18.5,250,3,0,0
555.74,15,6.0,211,7,0,0
64.79,21,12.9,397,5,0,0
26.84,14,5.2,304,2,0,0
192.32,19,6.0,335,4,0,0
74.28,10,0.4,186,5,1,0
4.78,13,30.5,213,1,0,0
37.67,8,0.6,393,1,0,0
407.41,12,39.1,132,2,0,0
158.07,11,18.2,123,1,0,0
120.66,17,8.3,133,6,0,0
65.94,21,2.8,309,6,0,0
31.02,18,33.4,273,1,0,0
354.45,16,9.9,117,5,0,0
33.76,20,42.4,319,7,0,0
101.34,11,3.7,282,2,0,0
415.32,16,25.1,381,1,0,0
8.68,11,2.1,154,5,0,0
141.76,9,4.9,294,7,0,0
153.14,20,10.6,395,7,0,0
162.52,19,47.6,397,5,0,0
91.55,21,18.1,217,1,0,0
295.67,10,2.2,246,6,0,0
25.81,16,13.7,212,3,0,0
205.42,14,5.7,106,1,0,0
103.48,19,1.2,297,2,0,0
1034.85,23,195.4,111,26,1,1
193.49,16,11.9,161,5,0,0
11.44,20,18.8,322,2,0,0
1121.45,3,167.2,190,26,1,1
410.8,21,2.3,230,5,0,0
966.37,5,388.6,178,13,1,1
223.17,11,41.8,292,4,0,0
357.2,12,3.2,138,1,0,0
4.91,16,1.1,311,4,0,0
133.0,9,0.2,328,4,0,0
75.39,19,7.1,318,3,0,0
313.04,11,8.7,320,1,0,0
199.6,21,56.2,347,2,0,0
196.82,9,43.1,399,6,0,0
78.69,18,0.1,116,1,0,0
465.68,2,118.4,191,15,1,1
344.44,18,12.7,160,1,0,0
29.86,14,1.2,288,1,0,0
58.25,18,26.3,318,1,0,0
40.36,11,38.6,299,2,0,0
160.71,9,48.2,205,5,0,0
61.41,9,5.1,150,5,1,0
15.25,12,1.6,195,6,0,0
12.49,11,1.2,371,5,0,0
315.97,20,13.4,331,4,0,0
200.0,23,314.3,157,10,1,1
106.0,20,34.8,317,2,0,0
2.43,19,2.6,240,4,0,0
1839.66,23,100.0,196,24,0,1
25.42,17,28.1,165,3,0,0
4.46,15,11.7,261,1,0,0
142.94,8,0.0,206,3,0,0
200.0,3,100.0,182,19,1,1
34.3,19,7.4,135,5,0,0
41.17,16,11.6,290,2,0,0
188.53,19,2.9,115,5,0,0
69.88,15,11.8,361,6,0,0
7.28,11,19.4,154,7,0,0
54.97,14,48.8,296,7,0,0
3.48,17,2.5,293,1,0,0
66.86,16,52.7,131,5,0,0
66.94,21,0.8,199,1,0,0
297.72,16,10.4,309,5,0,0
133.45,17,50.7,103,6,0,0
9.64,10,18.6,167,4,0,0
200.0,23,100.0,140,29,1,1
6.98,11,10.6,377,5,0,0
95.99,15,7.6,174,4,0,0
28.18,21,7.0,295,6,0,0
212.56,13,7.9,194,1,0,0
129.46,9,1.9,118,4,0,0
321.78,15,1.5,162,4,0,0
103.55,13,17.7,146,5,0,0
242.44,22,259.7,70,21,0,1
768.96,20,17.0,353,7,0,0
143.71,13,7.0,342,6,0,0
83.58,8,17.5,274,3,1,0
7.75,10,3.4,388,5,0,0
82.71,13,22.2,333,3,0,0
25.63,12,10.3,241,1,0,0
45.74,21,6.8,379,6,0,0
238.25,17,6.1,392,3,0,0
64.46,8,17.0,354,3,0,0
82.52,12,7.5,122,2,0,0
1099.6,0,428.2,92,15,1,1
54.6,18,11.6,258,7,0,0
51.28,13,13.0,385,2,0,0
225.85,12,24.9,332,6,0,0
245.93,20,2.4,209,4,0,0
27.82,14,6.0,316,3,0,0
167.33,15,2.8,266,1,0,0
248.92,10,13.7,359,7,0,0
34.96,19,26.7,130,2,0,0
322.84,21,10.4,261,3,0,0
170.61,19,25.7,216,1,0,0
11.53,12,12.9,272,7,0,0
112.14,17,4.3,213,5,0,0
142.01,9,20.9,256,1,0,0
97.01,16,4.5,302,5,0,0
1632.09,3,100.0,191,13,1,1
240.84,21,17.0,269,6,0,0
73.7,8,28.4,255,1,0,0
436.04,15,16.8,342,6,0,0
167.47,16,1.6,313,6,0,0
533.2,1,100.0,147,16,1,1
179.28,8,45.4,323,1,0,0
162.76,13,14.4,163,4,0,0
200.0,4,603.3,87,23,1,1
122.42,18,2.0,220,5,0,0
284.93,11,33.9,374,7,0,0
7.95,14,15.1,370,1,0,0
287.64,20,57.1,200,3,1,0
311.41,22,209.9,194,24,1,1
45.04,21,20.5,299,3,0,0
67.68,15,20.8,399,5,0,0
3.64,17,6.6,397,7,0,0
44.03,14,11.7,233,5,0,0
281.3,17,50.5,363,7,0,0
34.68,13,9.9,108,2,0,0
77.24,20,29.2,172,5,0,0
341.45,13,8.5,377,4,0,0
1.0,17,17.0,159,1,0,0
40.43,10,8.8,204,4,0,0
233.99,13,5.1,108,6,1,0
213.99,18,41.0,271,5,0,0
4.91,9,2.1,195,3,0,0
62.68,10,3.7,209,3,0,0
518.04,22,127.1,52,22,0,1
68.16,9,67.0,136,2,0,0
286.13,13,3.6,365,4,0,0
134.13,8,4.8,208,4,0,0
118.53,10,3.5,250,7,0,0
140.6,13,2.2,355,3,0,0
76.05,19,0.5,230,4,0,0
170.27,10,17.9,331,4,0,0
17.28,21,3.1,159,2,0,0
60.38,9,4.6,398,4,0,0
70.54,9,14.6,117,6,0,0
8.23,11,10.0,193,5,0,0
200.0,2,151.5,165,16,1,1
240.38,17,14.7,333,2,0,0
114.85,10,14.8,215,5,0,0
185.37,9,26.7,268,3,0,0
18.06,19,24.4,393,5,0,0
49.55,9,1.1,328,1,0,0
270.25,14,0.9,136,7,0,0
178.79,14,2.2,193,4,0,0
110.67,9,18.1,356,3,0,0
17.22,19,1.4,305,5,0,0
84.69,10,19.0,167,7,0,0
230.77,9,18.7,136,4,0,0
35.39,12,0.9,173,4,0,0
59.93,15,16.2,171,4,0,0
13.86,16,21.5,151,2,0,0
1261.18,5,100.0,53,14,1,1
60.85,14,5.3,386,4,0,0
43.69,16,1.5,250,3,0,0
38.68,11,12.1,339,1,0,0
98.9,19,3.6,186,4,0,0
199.52,21,10.3,346,5,0,0
1319.08,22,204.2,138,14,0,1
206.1,8,2.1,119,2,0,0
10.43,11,8.4,168,1,0,0
190.67,10,8.9,325,6,0,0
502.1,21,34.3,222,6,0,0
19.21,9,7.4,117,2,0,0
119.1,11,38.2,171,7,0,0
29.35,19,1.4,397,1,0,0
101.96,15,3.2,302,4,0,0
202.53,11,20.5,312,6,0,0
159.13,13,20.7,182,1,0,0
62.25,20,5.5,328,2,0,0
84.84,16,2.8,277,3,0,0
36.74,11,22.7,136,4,0,0
76.93,19,9.4,351,6,0,0
545.2,19,5.0,292,3,0,0
104.83,17,51.3,239,3,0,0
204.5,14,1.7,238,4,0,0
57.04,19,18.0,225,3,0,0
72.08,19,2.6,153,3,0,0
362.33,13,1.8,258,7,0,0
58.72,10,3.8,110,5,0,0
329.37,12,25.2,249,2,0,0
325.58,15,26.8,157,7,0,0
64.36,19,21.5,181,2,0,0
117.87,16,1.8,293,1,0,0
12.91,12,10.5,131,2,0,0
453.93,19,4.8,161,2,0,0
333.66,8,6.4,239,4,0,0
580.58,16,4.7,320,1,0,0
858.28,21,42.3,219,6,0,0
6.15,10,5.9,288,7,0,0
334.44,20,1.1,229,4,0,0
2020.9,22,100.0,153,25,0,1
239.96,10,9.2,238,7,0,0
29.05,13,25.8,318,4,0,0
113.4,20,46.7,219,4,1,0
16.6,19,0.4,245,4,0,0
625.52,1,105.8,93,18,1,1
189.17,19,7.9,234,6,0,0
108.62,12,22.6,278,3,0,0
146.26,14,13.4,368,6,0,0
30.28,18,12.7,137,6,0,0
247.63,8,7.2,283,4,0,0
315.07,10,13.6,176,3,0,0
67.43,11,21.9,387,7,0,0
42.96,11,12.9,135,5,0,0
10.51,10,6.3,300,4,0,0
414.82,19,19.0,287,2,0,0
110.74,9,4.3,277,4,0,0
98.52,9,13.0,267,1,0,0
15.63,21,3.5,129,1,0,0
128.87,13,71.1,238,1,0,0
45.66,13,8.2,278,7,0,0
382.89,21,77.2,184,2,0,0
463.22,2,100.0,118,27,1,1
207.52,9,18.9,380,7,1,0
379.42,17,11.0,112,7,0,0
187.74,8,13.4,183,1,0,0
53.63,16,32.1,259,6,0,0
2372.33,5,100.0,91,10,1,1
41.85,11,15.5,307,5,0,0
97.2,10,0.3,342,7,0,0
200.0,1,435.9,164,19,0,1
269.19,16,4.9,372,3,0,0
44.89,18,13.6,362,7,0,0
179.17,14,4.9,210,1,0,0
2192.22,2,480.0,69,25,1,1
174.1,13,11.3,327,6,0,0
51.92,20,6.8,199,4,0,0
270.03,21,61.7,201,3,0,0
301.95,18,54.9,130,1,0,0
40.58,20,32.0,322,5,0,0
145.65,12,7.5,317,7,0,0
71.4,8,3.4,305,3,0,0
200.0,23,100.0,156,25,1,1
200.0,1,100.0,161,28,0,1
33.05,21,7.8,188,2,0,0
730.79,3,100.0,76,14,0,1
7.02,10,79.6,129,1,0,0
93.75,12,14.4,106,7,0,0
26.56,8,5.5,340,6,0,0
6.99,16,19.8,306,4,0,0
12.51,12,4.8,121,6,0,0
17.24,14,9.6,264,2,0,0
189.63,16,17.3,185,1,0,0
349.98,16,1.9,394,1,0,0
2238.27,1,100.0,138,17,0,1
19.05,15,9.1,370,3,0,0
228.92,19,20.3,372,7,0,0
188.48,12,26.7,329,7,0,0
73.76,14,1.2,294,1,0,0
888.33,19,8.8,163,1,1,0
9.64,17,13.2,259,2,0,0
3.76,21,40.4,123,1,0,0
261.8,17,63.4,144,3,0,0
422.9,2,116.3,86,21,0,1
180.93,21,15.4,164,2,0,0
61.12,12,20.4,175,5,0,0
85.75,21,0.3,170,1,0,0
329.58,21,3.0,204,5,0,0
29.01,12,26.0,165,6,0,0
388.11,12,3.6,227,2,0,0
184.83,21,17.4,229,3,0,0
749.99,4,127.6,127,22,1,1
118.5,13,18.4,223,6,0,0
426.64,11,5.9,236,5,0,0
50.09,14,47.2,264,4,0,0
32.69,12,33.0,374,4,0,0
226.11,12,12.1,161,6,0,0
497.34,18,30.4,118,2,0,0
93.33,12,3.1,122,1,0,0
162.93,8,0.3,179,6,0,0
709.74,0,100.0,172,22,1,1
58.53,21,28.6,102,6,0,0
2467.79,4,183.5,189,28,0,1
25.65,18,19.8,361,1,0,0
52.88,11,4.4,357,2,0,0
81.77,17,8.4,243,6,0,0
41.89,11,2.0,211,5,0,0
58.87,21,10.4,144,2,0,0
13.15,19,13.4,172,4,0,0
171.75,20,33.5,158,2,0,0
670.13,14,15.1,207,4,0,0
1451.61,4,452.2,121,18,1,1
249.35,10,2.3,179,3,0,0
109.87,10,21.0,231,5,0,0
273.19,16,19.2,343,3,0,0
39.19,14,7.9,122,5,0,0
197.39,19,4.0,152,1,0,0
94.41,21,4.4,332,4,0,0
134.65,18,2.0,209,2,0,0
300.83,16,2.4,332,4,0,0
14.63,11,9.7,110,6,0,0
401.54,13,3.9,331,6,0,0
1357.21,2,224.4,151,24,0,1
56.74,8,34.1,170,5,0,0
178.06,19,33.0,121,1,0,0
57.93,16,0.5,189,3,0,0
339.41,8,11.2,268,7,0,0
5.69,15,28.7,396,5,0,0
241.53,11,1.8,366,5,0,0
77.38,13,1.3,267,5,0,0
153.82,12,16.6,396,1,0,0
187.06,9,2.2,111,6,0,0
194.75,19,61.6,152,1,0,0
104.77,16,5.3,173,3,0,0
21.58,13,16.3,152,7,0,0
138.8,12,32.2,185,7,0,0
378.86,16,19.8,371,7,0,0
304.66,2,100.0,111,28,1,1
21.99,20,4.1,125,5,0,0
1827.96,23,541.4,131,27,1,1
113.9,17,59.9,274,6,0,0
250.98,22,114.6,154,19,1,1
101.94,18,19.5,111,5,0,0
157.29,8,7.3,125,5,0,0
1523.76,0,100.0,143,19,1,1
155.57,11,3.4,363,6,0,0
173.69,10,9.0,146,4,0,0
57.36,9,5.7,235,5,0,0
6.02,9,6.2,181,4,0,0
111.87,10,14.9,140,6,0,0
43.95,8,3.5,212,3,0,0
119.12,21,4.0,194,3,0,0
247.63,16,10.1,143,5,0,0
1715.32,2,100.0,128,17,0,1
5.06,19,11.3,388,5,0,0
485.1,14,10.4,274,3,0,0
5.25,20,27.1,238,1,0,0
76.77,14,1.9,292,2,0,0
466.74,9,22.4,112,5,0,0
12.87,10,2.6,218,2,0,0
86.1,8,10.2,319,3,0,0
11.87,18,31.1,131,7,0,0
313.39,14,9.5,215,4,0,0
35.45,12,1.8,116,5,0,0
1279.32,0,270.8,64,26,0,1
269.18,0,146.9,84,12,1,1
84.97,17,2.6,369,4,0,0
27.36,12,7.0,250,1,0,0
702.07,13,17.8,236,3,0,0
51.05,14,35.4,169,4,0,0
231.25,0,113.1,112,29,1,1
33.02,19,3.3,240,5,0,0
97.75,17,7.9,173,5,0,0
50.24,9,1.0,224,4,0,0
373.94,1,452.0,61,23,1,1
340.59,15,20.0,252,3,0,0
25.89,21,17.1,336,3,0,0
590.53,2,262.0,160,16,0,1
69.98,15,10.1,326,5,0,0
171.01,16,5.8,108,1,0,0
1424.36,8,9.0,214,5,0,0
40.97,10,53.1,322,3,0,0
75.05,16,3.0,165,1,0,0
73.13,16,14.8,145,6,0,0
446.21,19,0.5,132,1,1,0
9.92,18,20.1,337,7,0,0
147.32,20,19.3,135,6,0,0
407.61,10,4.9,157,5,0,0
101.42,14,33.8,159,4,0,0
84.73,8,3.6,209,2,0,0
155.01,11,3.5,110,6,0,0
315.83,14,24.0,245,3,0,0
131.73,19,8.6,246,7,0,0
88.4,10,23.3,115,1,0,0
86.47,8,19.1,298,7,0,0
2982.42,23,228.2,161,26,0,1
245.01,10,11.2,346,3,0,0
157.72,11,8.1,342,4,0,0
292.32,18,4.7,133,1,0,0
392.62,14,2.7,258,5,0,0
58.72,10,3.2,399,1,0,0
140.67,8,4.9,146,2,0,0
24.89,15,20.3,259,7,0,0
158.38,17,9.2,284,7,0,0
341.85,14,7.1,189,1,0,0
200.0,22,278.7,59,18,0,1
46.91,15,7.9,176,1,0,0
2183.9,23,313.8,155,13,0,1
68.97,13,32.2,198,3,0,0
60.54,8,26.9,363,4,0,0
117.44,8,10.7,122,1,0,0
136.07,10,15.7,200,6,0,0
33.41,19,33.1,173,6,0,0
71.69,19,42.6,136,1,0,0
36.93,10,3.2,293,5,0,0
6.2,21,5.8,342,3,0,0
68.36,9,3.6,333,6,0,0
42.65,9,28.6,243,7,0,0
143.8,20,4.8,116,5,0,0
351.77,12,1.8,115,4,0,0
1440.61,23,100.0,149,13,1,1
95.8,9,35.2,109,5,0,0
235.2,21,7.8,167,5,0,0
6.53,9,5.0,329,5,0,0
200.0,22,107.2,143,28,0,1
358.62,15,23.1,113,3,0,0
349.83,10,13.6,371,7,0,0
118.02,13,16.4,248,6,0,0
262.9,12,12.3,328,4,0,0
1447.56,5,265.7,185,10,1,1
20.81,11,7.0,121,4,0,0
82.55,14,24.5,383,4,0,0
32.68,8,4.3,243,7,0,0
166.44,12,9.4,376,6,0,0
158.34,10,11.6,157,2,0,0
1746.44,4,246.1,80,18,0,1
67.61,19,5.1,374,5,0,0
341.04,14,4.5,133,7,0,0
25.36,16,11.8,157,2,0,0
10.06,12,17.6,164,4,0,0
560.31,0,100.0,65,23,1,1
184.73,9,14.9,195,4,0,0
9.8,10,5.7,378,2,0,0
765.22,15,9.1,134,7,0,0
142.67,17,30.6,366,6,0,0
90.12,15,5.2,236,7,0,0
67.98,20,38.8,231,3,0,0
75.53,8,5.0,184,6,0,0
124.42,8,7.6,336,3,0,0
72.35,19,22.3,388,7,0,0
182.66,21,16.0,194,4,0,0
71.84,11,7.4,187,4,0,0
43.72,16,7.8,204,4,0,0
61.07,13,7.1,100,5,0,0
272.86,21,24.3,242,6,0,0
61.45,9,8.8,235,3,0,0
106.92,15,82.5,229,3,0,0
90.73,8,19.4,259,4,0,0
1415.47,23,158.9,144,10,0,1
345.8,21,17.3,353,5,0,0
3.15,12,15.6,256,2,0,0
86.74,8,34.1,396,1,0,0
46.98,20,17.2,242,5,0,0
110.68,12,2.4,268,4,0,0
18.57,14,28.1,154,5,0,0
285.86,22,100.0,126,16,1,1
380.77,22,440.5,181,19,1,1
7.0,10,15.9,387,1,0,0
200.0,22,777.3,182,14,0,1
444.18,19,3.2,223,2,0,0
102.18,14,5.4,297,3,0,0
660.62,15,7.3,103,6,0,0
1627.05,22,233.7,62,18,0,1
430.14,14,10.4,224,3,0,0
347.79,11,91.1,394,7,0,0
384.0,15,7.0,194,1,1,0
31.07,17,4.6,176,6,0,0
44.72,12,5.8,129,7,0,0
85.01,13,1.2,336,7,0,0
117.46,14,23.6,363,2,0,0
58.0,16,11.8,136,6,0,0
59.18,11,2.2,221,4,0,0
110.21,14,3.9,278,4,0,0
19.82,13,26.5,370,2,0,0
273.49,19,13.8,330,4,0,0
37.51,14,10.4,336,5,0,0
285.64,4,628.5,52,28,0,1
283.24,16,5.0,382,3,0,0
209.46,10,10.9,235,6,0,0
426.3,11,9.1,131,5,0,0
5.06,16,9.5,237,4,0,0
49.73,20,19.4,124,3,0,0
67.34,15,0.8,248,6,0,0
63.46,18,24.2,367,4,0,0
332.2,13,3.7,157,4,0,0
752.37,8,17.4,206,7,0,0
96.18,17,1.4,177,5,0,0
164.89,21,17.3,342,5,0,0
259.45,20,1.5,349,5,0,0
383.04,15,70.2,211,6,0,0
44.22,17,3.1,308,5,0,0
148.3,9,6.4,265,6,0,0
7.57,10,3.8,182,7,0,0
41.9,10,16.3,172,7,0,0
221.75,17,9.6,371,2,0,0
105.58,15,2.6,111,4,0,0
16.13,13,11.5,343,6,0,0
394.94,10,5.2,278,4,0,0
1310.67,0,273.6,110,19,1,1
92.22,18,10.2,126,1,0,0
49.37,12,0.2,359,1,0,0
420.6,10,5.9,369,2,0,0
318.48,15,55.7,172,5,0,0
200.0,0,100.0,64,19,0,1
143.48,18,18.0,386,4,0,0
60.41,11,53.1,397,3,0,0
323.0,15,0.9,126,5,0,0
252.64,21,17.8,170,7,0,0
5.08,18,18.0,117,7,0,0
425.62,10,50.9,266,6,0,0
212.73,11,26.2,150,5,0,0
9.21,19,13.6,320,4,0,0
67.65,9,17.7,287,4,0,0
32.21,16,10.9,115,3,0,0
37.16,8,3.8,310,4,0,0
612.62,17,22.3,110,5,1,0
23.29,11,1.1,205,6,0,0
16.05,21,3.0,352,5,0,0
212.07,8,10.1,315,5,0,0
78.21,21,23.2,249,2,0,0
217.35,18,1.0,329,1,0,0
923.78,20,30.8,143,7,0,0
413.38,11,12.5,326,2,0,0
71.39,18,9.1,162,1,0,0
286.0,16,1.2,141,7,0,0
159.87,21,14.3,135,2,0,0
190.07,10,16.0,247,6,0,0
13.02,11,4.8,263,5,0,0
14.68,14,5.8,125,1,0,0
136.38,15,17.3,138,2,0,0
32.7,13,0.9,162,3,0,0
464.42,17,1.5,110,1,0,0
154.77,9,13.3,118,5,0,0
9.38,14,2.2,114,2,0,0
62.7,19,52.3,204,5,0,0
195.87,13,2.8,326,2,0,0
139.09,8,6.2,195,2,0,0
4.64,10,2.0,134,7,0,0
126.15,8,18.8,395,5,0,0
24.26,20,36.5,142,6,0,0
271.05,13,7.6,360,1,0,0
251.57,9,11.9,153,1,0,0
655.34,2,100.0,167,20,1,1
78.27,14,2.4,234,6,0,0
200.0,2,235.7,160,22,0,1
231.35,20,15.6,150,5,0,0
527.46,16,0.3,129,7,0,0
244.87,10,2.4,199,1,0,0
257.74,9,14.0,239,1,0,0
45.88,13,2.8,279,2,0,0
47.76,19,1.3,182,6,1,0
259.05,12,21.2,326,7,0,0
146.88,12,69.4,306,4,0,0
40.68,16,22.7,133,4,0,0
5.83,10,34.3,313,2,0,0
81.15,12,20.5,378,6,0,0
120.68,13,4.1,111,1,0,0
46.66,18,15.7,384,6,0,0
92.25,12,7.3,174,7,0,0
65.97,11,7.5,148,6,0,0
125.28,15,4.6,175,2,0,0
105.21,10,1.9,256,3,0,0
158.91,16,1.0,126,7,0,0
51.56,15,87.1,190,7,0,0
509.14,12,11.3,110,2,0,0
156.8,8,55.6,235,1,0,0
124.37,11,2.5,353,4,0,0
475.78,22,148.0,179,25,1,1
322.96,17,26.6,371,7,0,0
2105.47,22,231.2,53,22,0,1
410.11,21,1.6,350,5,0,0
558.41,8,25.9,374,7,0,0
136.58,11,21.1,125,3,0,0
3.28,15,5.9,100,7,0,0
294.04,18,33.4,300,2,0,0
207.99,21,18.7,207,1,0,0
376.49,18,0.2,333,1,0,0
92.0,13,9.5,360,3,0,0
107.44,19,53.6,344,1,0,0
1042.07,2,335.6,90,11,1,1
476.54,16,14.6,324,2,0,0
29.92,9,9.4,111,1,0,0
77.06,19,28.7,215,1,0,0
849.2,21,7.0,326,7,0,0
128.48,13,17.2,171,3,0,0
290.85,17,19.2,263,7,0,0
111.32,13,22.0,227,1,0,0
845.47,5,181.4,170,26,0,1
109.12,9,57.2,344,1,0,0
190.56,20,0.6,322,2,0,0
327.24,16,16.7,365,1,0,0
120.37,18,9.7,379,2,0,0
5.99,11,4.2,289,6,0,0
71.39,12,10.9,365,4,0,0
138.11,8,0.4,170,3,0,0
15.13,17,28.7,168,7,1,0
258.76,23,100.0,59,20,0,1
109.06,14,22.5,131,1,0,0
247.55,18,7.2,283,5,0,0
190.78,13,88.4,395,6,0,0
147.02,21,6.1,101,4,0,0
201.04,16,32.1,369,6,0,0
121.27,21,27.9,160,6,0,0
59.37,13,8.5,392,4,0,0
68.13,8,22.3,318,1,0,0
130.82,10,25.9,224,5,0,0
8.44,13,3.1,159,2,0,0
272.01,8,19.0,157,1,0,0
7.46,10,43.8,306,7,0,0
3.28,11,15.1,375,2,0,0
205.65,21,8.5,101,4,0,0
1.14,19,18.3,252,4,0,0
187.93,15,6.3,244,3,0,0
48.53,13,20.3,295,4,0,0
2548.69,2,135.2,81,24,1,1
154.64,20,7.7,308,1,0,0
80.47,13,53.0,293,6,1,0
324.42,15,17.1,392,5,0,0
586.81,10,2.0,223,6,0,0
42.17,9,9.3,193,7,0,0
111.47,17,12.4,293,4,0,0
1861.25,5,581.3,118,29,1,1
212.71,13,29.0,268,4,0,0
245.07,2,358.1,54,22,0,1
407.47,17,9.1,334,2,0,0
61.85,14,42.7,108,7,0,0
190.85,18,37.0,328,2,0,0
1034.81,5,167.3,167,12,1,1
205.78,9,2.3,194,1,0,0
39.33,18,1.7,151,2,0,0
307.61,8,4.9,306,1,0,0
88.6,10,1.0,398,5,0,0
255.23,10,68.4,123,2,0,0
403.52,17,7.9,176,2,0,0
17.23,18,2.1,202,7,0,0
115.71,11,9.9,220,6,0,0
61.22,14,32.1,217,3,1,0
46.17,9,39.5,378,3,0,0
50.25,20,2.4,307,2,0,0
59.35,19,40.0,270,5,0,0
75.41,12,0.4,318,4,0,0
307.93,19,2.3,222,1,0,0
72.56,9,20.0,301,2,0,0
580.29,9,1.3,374,7,0,0
76.11,16,1.5,116,7,0,0
133.04,9,6.2,162,1,0,0
80.62,10,18.6,162,3,0,0
121.62,13,22.5,145,4,0,0
158.82,8,2.0,134,2,0,0
132.79,8,8.6,182,2,0,0
8.97,9,17.0,346,7,0,0
2.21,8,3.7,211,1,0,0
107.12,9,59.0,237,3,1,0
355.1,10,16.8,121,3,0,0
203.27,21,8.3,373,1,0,0
261.13,16,13.7,371,3,0,0
181.95,17,56.0,101,3,0,0
29.14,14,14.7,102,4,0,0
72.44,20,34.8,343,3,0,0
96.26,9,30.5,238,5,0,0
11.87,21,7.7,139,3,0,0
253.17,18,0.9,178,4,0,0
28.42,11,5.3,182,3,0,0
277.33,9,16.3,252,2,0,0
78.41,12,5.6,188,1,1,0
183.56,20,3.1,261,6,0,0
217.0,17,40.2,266,5,0,0
44.0,14,6.0,264,4,0,0
62.04,12,21.8,345,4,0,0
156.1,9,4.8,294,7,0,0
78.79,19,8.1,131,6,0,0
118.05,14,22.4,253,7,0,0
127.49,13,8.5,393,6,0,0
235.2,15,11.6,392,5,0,0
