age,income,credit_score,loan_amount,employment_years,debt_to_income,num_credit_lines,missed_payments,education,education_num,loan_approved
60,140133,321,72598,4,0.18,6,8,Master,2,0
50,101709,648,46798,12,0.08,10,4,High School,0,0
36,79889,619,58473,9,0.33,11,6,Bachelor,1,0
64,46987,425,24880,8,0.12,13,3,Master,2,0
29,98714,576,49439,16,0.58,13,1,Bachelor,1,0
42,124874,503,19308,0,0.21,6,2,Bachelor,1,0
60,78348,493,96563,3,0.52,8,1,PhD,3,0
40,44596,846,40081,3,0.26,1,4,Master,2,0
44,53174,585,80242,17,0.23,5,5,High School,0,0
32,84106,356,55383,8,0.56,3,6,Bachelor,1,0
32,127510,602,14837,29,0.25,12,2,Master,2,1
45,89967,462,57151,24,0.26,8,3,High School,0,0
57,79182,318,41824,28,0.11,11,7,PhD,3,0
61,113300,669,38073,28,0.42,6,3,Master,2,1
45,107163,563,98648,17,0.21,14,6,Master,2,0
24,59310,412,31299,13,0.37,2,5,Master,2,0
43,76088,787,63861,24,0.38,13,6,High School,0,0
23,148803,626,35063,14,0.45,7,0,Bachelor,1,1
45,28906,841,74453,5,0.46,7,2,Bachelor,1,0
51,56914,364,73472,23,0.33,13,5,Master,2,0
59,130350,591,19506,9,0.23,5,2,Master,2,0
23,65379,324,99341,28,0.51,8,6,High School,0,0
42,98612,848,84854,14,0.22,14,8,PhD,3,1
54,134828,300,31026,28,0.33,5,2,Master,2,0
33,147445,848,32672,3,0.27,1,0,Master,2,1
43,57650,440,43417,17,0.52,9,9,PhD,3,0
46,66881,487,57413,17,0.29,4,5,Master,2,0
48,66413,427,70066,24,0.26,13,0,Bachelor,1,0
63,26012,500,64213,16,0.43,2,0,Master,2,0
49,70115,426,55971,11,0.38,4,7,Bachelor,1,0
37,27151,556,32281,6,0.11,14,8,High School,0,0
36,77716,846,33091,15,0.33,13,1,High School,0,1
24,113747,493,55494,10,0.45,9,8,Bachelor,1,0
58,112653,403,23610,13,0.6,2,4,Bachelor,1,0
28,56378,834,6079,2,0.4,4,7,PhD,3,0
42,62652,564,51751,18,0.25,2,6,Bachelor,1,0
30,92430,683,91126,17,0.17,5,6,Bachelor,1,1
60,33467,559,60432,29,0.53,3,3,Master,2,0
39,51010,713,35951,9,0.5,10,1,PhD,3,0
25,148647,657,85863,5,0.18,2,4,Bachelor,1,1
46,141999,374,83291,12,0.16,14,2,Bachelor,1,0
35,134793,654,64872,9,0.44,9,8,Bachelor,1,0
30,74691,487,12235,17,0.22,5,5,Master,2,0
47,84157,589,87733,25,0.22,10,0,Master,2,0
23,128177,344,67712,19,0.13,5,2,Master,2,0
41,32289,382,26473,25,0.2,1,3,High School,0,0
49,64976,422,72567,15,0.29,6,8,Master,2,0
28,63596,657,84823,24,0.45,13,5,Bachelor,1,0
29,43171,827,37230,24,0.23,7,3,Master,2,0
56,120441,365,89573,5,0.23,1,0,Master,2,0
35,146296,674,97588,12,0.21,9,7,PhD,3,0
38,106365,461,73876,3,0.31,8,1,Bachelor,1,0
57,138218,679,45644,22,0.15,12,7,Master,2,1
61,119590,657,53664,13,0.32,14,5,High School,0,1
25,134014,487,50203,0,0.44,14,7,PhD,3,0
23,64139,621,71677,27,0.07,8,5,Master,2,0
27,68713,749,30425,19,0.06,7,4,PhD,3,1
63,49734,773,89817,4,0.09,5,4,PhD,3,0
25,92588,312,90961,7,0.34,3,9,High School,0,0
50,83646,483,74806,11,0.52,12,9,High School,0,0
39,23654,410,47814,1,0.05,14,7,High School,0,0
47,109022,807,75219,11,0.57,9,6,Bachelor,1,1
55,38743,589,54646,4,0.11,14,7,PhD,3,0
31,68368,594,44884,21,0.51,7,7,Master,2,0
57,110025,750,74322,4,0.32,11,6,High School,0,0
35,94172,514,26650,12,0.41,10,1,High School,0,0
52,26441,326,99242,8,0.33,10,8,PhD,3,0
36,139735,530,14190,9,0.31,8,6,PhD,3,0
29,44611,620,43196,0,0.51,14,5,PhD,3,0
35,139891,532,44449,29,0.47,6,8,Master,2,0
44,127971,736,44661,2,0.32,12,0,Bachelor,1,0
61,32149,832,34709,29,0.11,14,1,Bachelor,1,1
42,120102,702,85428,17,0.11,11,0,High School,0,0
37,79189,352,80179,11,0.49,14,9,Bachelor,1,0
39,127904,612,14943,28,0.34,5,2,Master,2,1
45,41675,580,48240,2,0.31,8,4,Bachelor,1,0
47,91031,330,50760,25,0.42,3,0,Master,2,0
46,62668,636,26042,24,0.52,12,3,High School,0,0
62,33673,482,48894,28,0.4,13,7,PhD,3,0
50,149582,322,11869,29,0.47,13,5,Master,2,0
36,96666,843,66078,8,0.47,7,0,PhD,3,1
22,108204,745,61759,25,0.25,2,0,High School,0,1
46,100758,373,49306,1,0.2,3,2,Master,2,0
28,85429,309,60371,29,0.49,13,9,Master,2,0
30,43669,783,25918,2,0.26,12,7,Bachelor,1,0
45,54068,755,33379,13,0.55,2,7,Master,2,0
22,108789,459,95810,3,0.09,5,2,High School,0,0
29,29435,313,88232,24,0.08,7,6,PhD,3,0
45,114088,477,7962,18,0.56,11,2,Master,2,0
32,72249,711,18851,12,0.41,10,3,High School,0,0
38,57384,352,50747,6,0.26,11,8,High School,0,0
29,148782,707,57349,11,0.47,11,3,Master,2,0
56,101929,321,75832,2,0.42,11,2,Bachelor,1,0
56,147959,329,61356,22,0.34,10,4,Master,2,0
54,96153,559,19745,22,0.1,13,6,Master,2,0
26,124056,504,10730,8,0.5,14,4,Bachelor,1,0
63,95388,358,18921,1,0.53,1,3,High School,0,0
60,51401,770,76138,28,0.14,13,7,Master,2,0
62,145511,765,88111,21,0.52,10,3,Bachelor,1,1
49,91831,311,24023,8,0.53,9,1,PhD,3,0
28,139503,589,50349,11,0.35,1,9,PhD,3,0
30,135760,653,86533,11,0.41,1,5,Bachelor,1,0
29,121529,374,88286,14,0.26,14,1,High School,0,0
33,147834,740,46979,1,0.2,12,2,Bachelor,1,1
55,54084,540,27837,17,0.45,10,0,High School,0,0
54,140387,453,19997,12,0.52,8,4,PhD,3,0
44,130641,395,93603,13,0.41,6,8,Master,2,0
45,125111,593,50039,4,0.33,6,1,Bachelor,1,0
58,75826,508,25923,25,0.14,12,6,PhD,3,0
56,56451,642,13876,9,0.08,9,4,Master,2,0
61,27227,387,65973,11,0.3,4,1,PhD,3,0
43,51910,689,7887,9,0.08,8,7,Bachelor,1,0
48,56041,624,68723,23,0.36,4,5,Bachelor,1,0
56,108920,456,47422,10,0.26,14,3,Master,2,0
22,85681,436,56413,24,0.47,2,3,Bachelor,1,0
56,123314,727,7841,1,0.22,11,1,PhD,3,0
58,101571,751,33756,4,0.38,8,2,Master,2,0
35,85481,440,76576,29,0.35,12,6,Master,2,0
24,88576,382,15304,6,0.05,7,2,PhD,3,0
22,127958,476,35341,5,0.09,4,4,High School,0,0
26,149265,497,9758,21,0.21,9,9,Master,2,0
47,147556,720,22010,22,0.54,9,5,High School,0,1
35,84174,700,65758,2,0.13,8,5,PhD,3,0
60,46160,770,36658,12,0.44,14,3,PhD,3,0
48,135170,517,54002,2,0.59,1,5,Master,2,0
30,137867,474,6375,25,0.48,7,2,Bachelor,1,0
36,37633,322,27092,24,0.18,5,6,Master,2,0
36,114880,534,5490,29,0.55,7,6,Bachelor,1,0
47,37014,312,8729,23,0.1,12,3,High School,0,0
63,100532,400,10974,20,0.31,9,1,Bachelor,1,0
34,69104,835,90216,5,0.54,2,6,Master,2,0
53,61621,822,88860,10,0.4,13,2,Bachelor,1,1
60,97231,751,26398,27,0.28,14,0,PhD,3,1
53,88388,730,39650,25,0.21,11,1,High School,0,1
25,36014,832,26292,16,0.26,4,9,PhD,3,0
51,112578,592,8159,9,0.33,4,8,PhD,3,0
58,53755,400,67766,11,0.23,2,7,PhD,3,0
44,60390,801,99887,16,0.58,3,5,PhD,3,0
60,43711,603,22065,3,0.56,11,5,Bachelor,1,0
36,111658,839,26638,1,0.53,14,0,PhD,3,0
64,77993,654,6073,10,0.28,14,1,Bachelor,1,0
50,94696,602,51511,6,0.43,13,3,PhD,3,0
57,47213,795,89307,1,0.55,8,2,Master,2,0
34,135788,526,34320,25,0.52,12,0,PhD,3,0
53,124956,535,74876,17,0.28,9,7,Master,2,0
28,77784,754,39924,20,0.11,6,6,Bachelor,1,0
43,27421,312,86720,3,0.09,10,3,High School,0,0
49,106936,509,45734,7,0.37,2,8,Bachelor,1,0
23,119073,696,73116,19,0.4,2,3,High School,0,1
63,37727,399,45025,13,0.52,7,0,High School,0,0
27,132418,330,99503,11,0.21,8,9,PhD,3,0
49,24358,827,7159,21,0.14,8,0,High School,0,1
49,85108,628,53940,20,0.26,14,0,Bachelor,1,0
41,146609,465,84436,26,0.24,6,0,PhD,3,0
51,114018,758,81976,29,0.12,10,3,High School,0,1
32,144457,399,19678,17,0.42,8,0,Bachelor,1,0
49,52117,472,66075,10,0.33,14,1,High School,0,0
46,108700,461,52204,28,0.45,1,3,High School,0,0
60,51910,562,17021,27,0.24,9,6,PhD,3,0
54,146888,573,11772,29,0.23,13,1,PhD,3,1
22,118032,302,72163,7,0.31,12,7,Bachelor,1,0
48,75754,327,78755,1,0.53,1,6,PhD,3,0
34,82438,625,28464,24,0.07,13,8,PhD,3,0
62,129847,448,56137,14,0.49,3,5,Master,2,0
24,49371,839,35232,8,0.25,12,3,Master,2,0
60,71501,787,66497,18,0.52,9,5,Bachelor,1,0
27,80946,737,79024,19,0.49,11,3,PhD,3,0
29,58467,364,56448,7,0.24,5,6,Bachelor,1,0
48,37625,655,89517,24,0.43,9,8,Master,2,0
30,53893,832,5901,18,0.14,9,2,Master,2,1
58,96329,551,92980,4,0.54,6,2,Master,2,0
54,51007,534,88597,10,0.27,11,1,Bachelor,1,0
63,111302,526,7881,14,0.3,1,0,PhD,3,1
45,59532,824,34863,7,0.44,10,0,High School,0,0
36,74253,612,10622,18,0.5,7,2,PhD,3,0
53,32323,348,6378,22,0.18,14,6,Bachelor,1,0
53,131335,417,88168,26,0.41,6,8,Master,2,0
45,132356,353,98847,7,0.27,9,1,High School,0,0
62,130944,343,76186,25,0.25,7,6,Bachelor,1,0
33,93379,352,50201,26,0.43,14,0,Master,2,0
60,34210,824,64251,29,0.26,12,1,Bachelor,1,1
23,36456,401,77572,18,0.24,11,5,High School,0,0
24,51367,697,44255,17,0.51,12,4,Master,2,0
58,74624,437,68212,9,0.11,13,7,PhD,3,0
38,30106,686,55210,28,0.42,4,1,Bachelor,1,0
23,123493,410,27499,6,0.19,7,0,High School,0,0
23,88008,316,56628,27,0.06,2,6,PhD,3,0
49,145926,481,66360,8,0.14,6,5,High School,0,0
44,135395,835,9603,0,0.38,6,7,Bachelor,1,1
58,136492,840,98309,18,0.44,2,7,High School,0,0
53,92240,470,90473,4,0.06,14,1,Master,2,0
54,84315,708,17632,18,0.07,4,7,High School,0,0
22,89249,677,35607,0,0.55,8,5,Bachelor,1,0
40,90587,487,96873,14,0.09,8,8,Master,2,0
23,30756,529,70756,15,0.54,13,6,High School,0,0
47,88011,418,51994,22,0.18,8,1,High School,0,0
53,56378,455,68382,6,0.46,8,7,Master,2,0
27,24255,764,75354,25,0.22,1,8,PhD,3,0
53,34484,403,61344,11,0.52,2,6,PhD,3,0
25,145703,801,58775,7,0.44,12,3,Master,2,1
32,76549,474,12349,4,0.27,4,8,High School,0,0
38,54503,720,76154,9,0.09,12,3,PhD,3,0
59,144465,433,32464,27,0.45,9,3,Master,2,0
45,93794,690,47624,20,0.39,3,8,Bachelor,1,0
26,145941,800,42344,4,0.05,14,7,High School,0,1
55,126283,332,88791,16,0.06,6,3,Bachelor,1,0
27,120732,354,29299,25,0.49,7,7,High School,0,0
43,65113,818,52975,4,0.19,8,7,PhD,3,0
32,125730,311,6462,21,0.4,13,6,Bachelor,1,0
37,94069,827,86441,14,0.3,7,9,Bachelor,1,1
54,118117,672,95456,12,0.52,3,5,Master,2,0
30,25249,783,86788,27,0.55,6,7,PhD,3,0
27,145654,527,45581,0,0.6,5,6,PhD,3,0
37,139979,606,76289,10,0.13,13,4,High School,0,0
50,39201,756,19175,22,0.52,12,3,Master,2,0
24,145541,459,11191,0,0.2,10,1,Master,2,0
41,78576,630,88434,10,0.37,4,7,High School,0,0
57,138562,524,89518,17,0.33,1,8,Bachelor,1,0
40,145281,803,85158,17,0.06,14,3,High School,0,1
47,29686,755,71537,20,0.56,13,3,High School,0,0
24,132413,344,52645,29,0.09,7,4,High School,0,0
40,73363,513,28283,25,0.43,8,1,Master,2,0
41,117543,358,91971,15,0.48,2,6,High School,0,0
53,20661,494,97759,12,0.49,7,4,High School,0,0
28,64843,788,64123,6,0.12,6,5,High School,0,0
62,115673,456,35024,0,0.3,5,3,PhD,3,0
54,80963,525,54630,25,0.51,13,7,Bachelor,1,0
61,133092,711,35734,15,0.22,4,7,Bachelor,1,0
60,62828,504,5515,0,0.31,2,4,Bachelor,1,0
39,68604,378,71727,16,0.2,10,5,Bachelor,1,0
61,30526,423,51216,5,0.3,6,2,Master,2,0
22,88910,770,76833,1,0.54,5,0,Master,2,0
32,45592,517,63755,16,0.3,2,8,High School,0,0
49,48982,815,32856,5,0.36,10,8,Master,2,0
46,20207,403,78870,13,0.27,7,2,Bachelor,1,0
44,120969,692,29162,17,0.3,6,3,PhD,3,0
52,137181,733,11008,5,0.06,12,6,High School,0,1
51,108733,630,12987,9,0.21,11,1,High School,0,0
63,118936,442,67532,23,0.29,9,2,Bachelor,1,0
56,144982,839,8332,17,0.4,11,5,Bachelor,1,1
28,145839,577,71323,26,0.3,10,7,Bachelor,1,0
37,88619,532,43990,8,0.24,5,0,Master,2,0
47,49328,828,14873,7,0.26,9,3,High School,0,0
23,66479,389,87542,27,0.18,9,0,Bachelor,1,0
22,128427,791,90761,9,0.56,13,1,PhD,3,0
33,40103,498,41444,16,0.34,1,7,High School,0,0
26,59891,661,40340,22,0.06,5,5,High School,0,0
58,30754,740,10033,29,0.06,9,8,Master,2,0
53,119983,325,78324,28,0.59,7,1,High School,0,0
30,101437,324,20689,25,0.17,6,2,Bachelor,1,0
62,118540,693,92134,5,0.49,6,8,Bachelor,1,0
56,92982,806,5066,13,0.08,11,8,PhD,3,0
40,122747,600,50246,21,0.56,7,5,High School,0,0
37,75922,638,12533,21,0.53,1,2,High School,0,1
24,68231,566,85639,5,0.36,4,4,Master,2,0
41,49301,760,75152,25,0.05,13,1,Bachelor,1,0
45,111652,755,64658,6,0.19,1,6,PhD,3,0
54,140787,659,43498,11,0.27,6,9,Bachelor,1,0
45,146823,367,16772,2,0.3,14,7,High School,0,0
32,82711,711,94385,13,0.21,13,5,High School,0,0
29,61323,790,54036,21,0.07,4,7,PhD,3,0
57,38752,348,63531,18,0.37,1,1,High School,0,0
59,117912,401,17940,22,0.34,9,2,PhD,3,0
61,102205,515,21932,15,0.21,12,6,PhD,3,0
41,118452,737,61827,6,0.07,4,9,Bachelor,1,1
56,33395,458,66431,7,0.6,12,0,PhD,3,0
46,105957,788,29648,17,0.32,6,6,High School,0,0
56,141237,541,37966,24,0.47,13,5,Master,2,0
46,76273,304,32777,12,0.3,7,7,Master,2,0
50,147431,660,37567,20,0.07,8,6,High School,0,1
39,111878,758,22174,8,0.22,12,3,Master,2,1
39,24895,547,47598,9,0.23,13,2,Master,2,0
23,139968,721,64199,20,0.51,11,2,PhD,3,1
56,135700,314,18798,22,0.41,9,3,Master,2,0
37,96559,421,70364,26,0.2,9,8,Master,2,0
62,30699,576,22558,8,0.58,8,8,Master,2,0
57,85061,752,66084,14,0.23,10,1,Bachelor,1,0
54,29715,689,49237,19,0.6,11,4,High School,0,0
25,39169,593,70497,1,0.6,12,0,PhD,3,0
54,145436,745,5178,24,0.16,12,3,Master,2,1
35,138413,509,91006,12,0.22,14,1,High School,0,0
42,36163,601,22118,1,0.32,3,7,Master,2,0
41,139264,522,27616,18,0.42,12,3,Bachelor,1,0
29,25782,302,5798,25,0.34,2,4,Bachelor,1,0
28,108177,817,12601,1,0.58,5,3,Master,2,0
24,149772,392,30363,2,0.45,1,4,Master,2,0
38,144481,819,7795,5,0.17,3,4,Master,2,1
54,104328,727,50264,2,0.11,1,4,Bachelor,1,0
33,135028,792,77833,9,0.43,13,2,Bachelor,1,1
43,55585,534,8084,23,0.14,3,6,High School,0,0
43,50682,460,81646,26,0.48,13,2,PhD,3,0
51,67864,630,5731,5,0.22,4,1,PhD,3,0
59,149992,632,6129,22,0.23,7,2,Bachelor,1,1
59,104416,349,33022,15,0.06,12,2,PhD,3,0
29,75114,822,6605,16,0.44,12,7,Master,2,0
48,147810,791,82506,18,0.11,5,3,High School,0,1
48,58067,571,49130,2,0.48,5,2,Bachelor,1,0
55,62685,551,34265,17,0.32,13,9,Bachelor,1,0
42,142262,389,37330,6,0.48,1,4,PhD,3,0
51,38073,745,73469,8,0.37,8,3,Master,2,0
54,56035,631,20187,19,0.1,13,8,High School,0,0
49,84977,438,30791,11,0.47,4,7,PhD,3,0
54,122710,656,95436,4,0.09,10,6,Bachelor,1,0
26,110373,573,75610,2,0.31,5,7,Bachelor,1,0
40,103362,318,96962,10,0.14,2,4,PhD,3,0
25,110517,610,44867,24,0.46,12,3,Master,2,0
56,85450,453,5893,29,0.55,13,6,High School,0,0
38,30382,689,24773,3,0.35,1,0,High School,0,0
49,24437,559,9239,4,0.34,9,5,High School,0,0
51,90971,424,25863,0,0.47,2,7,High School,0,0
50,84612,653,56415,26,0.05,6,6,Master,2,0
27,110355,572,73968,27,0.55,1,1,Bachelor,1,1
56,81929,544,65430,28,0.16,1,6,Bachelor,1,0
62,122411,749,6515,17,0.59,9,5,High School,0,1
58,117518,546,19605,11,0.45,4,4,High School,0,0
45,118864,819,61240,12,0.48,9,3,High School,0,0
50,32329,440,10586,8,0.41,11,0,PhD,3,0
52,145605,661,36186,1,0.31,5,1,PhD,3,1
56,45169,307,31928,4,0.36,7,6,Bachelor,1,0
54,107468,777,88087,12,0.08,1,9,Bachelor,1,0
42,54594,651,92029,15,0.39,6,2,High School,0,0
53,96957,794,25711,15,0.39,8,4,PhD,3,1
44,80631,726,59962,23,0.54,14,7,Master,2,0
54,65033,338,25039,2,0.33,1,7,PhD,3,0
24,83133,486,41561,21,0.09,9,5,Bachelor,1,0
39,93165,392,80483,3,0.22,3,4,PhD,3,0
46,93861,385,86395,10,0.41,1,1,Bachelor,1,0
63,72290,343,93658,22,0.18,1,8,High School,0,0
52,114031,436,6577,25,0.2,13,0,Master,2,0
24,51750,720,33350,13,0.5,14,1,High School,0,0
61,115155,373,38798,28,0.37,11,0,High School,0,0
45,60461,847,86417,2,0.33,6,3,Master,2,0
53,93800,811,15785,15,0.23,11,3,Master,2,1
43,98222,455,77227,21,0.45,6,4,Master,2,0
44,132020,554,66957,14,0.21,1,4,Bachelor,1,0
23,44226,470,70431,27,0.46,14,7,High School,0,0
48,26721,469,22297,9,0.09,14,2,Bachelor,1,0
63,76154,621,76894,8,0.53,3,5,Master,2,0
23,40609,755,68772,10,0.32,7,2,Bachelor,1,0
47,72130,454,24581,15,0.29,10,1,Master,2,0
38,92909,648,60192,9,0.39,3,7,PhD,3,0
61,124211,750,6462,16,0.39,3,0,Master,2,1
54,75249,472,69173,18,0.12,3,8,High School,0,0
30,68895,309,20511,1,0.47,12,6,High School,0,0
64,114473,564,81106,23,0.2,7,9,High School,0,0
60,25656,737,53665,22,0.55,4,3,Bachelor,1,0
50,144865,546,49414,1,0.5,4,2,High School,0,0
63,94520,845,86010,5,0.24,3,5,Master,2,1
47,83740,798,77573,18,0.49,10,8,PhD,3,0
56,84309,428,98665,7,0.25,11,8,High School,0,0
46,49984,626,18386,25,0.11,9,3,Bachelor,1,0
45,138947,703,59460,28,0.58,2,9,PhD,3,1
34,93822,658,11221,2,0.41,4,4,High School,0,0
28,25901,316,28474,25,0.3,8,8,High School,0,0
57,51552,573,26045,13,0.27,6,1,PhD,3,0
41,111245,415,96319,24,0.23,14,1,High School,0,0
22,51055,390,9922,15,0.59,7,4,Bachelor,1,0
29,57685,381,27706,0,0.12,13,0,Master,2,0
37,93965,623,47771,20,0.22,7,7,Master,2,0
35,34716,413,57335,2,0.32,2,4,PhD,3,0
33,134099,357,57949,21,0.31,4,9,Master,2,0
44,31138,453,75714,25,0.31,10,1,High School,0,0
36,55298,703,20240,17,0.15,10,8,High School,0,0
49,71112,565,96756,8,0.13,6,1,Bachelor,1,0
55,43429,614,7716,5,0.19,3,6,Master,2,0
23,70200,340,21574,22,0.55,9,7,PhD,3,0
53,91308,404,88255,20,0.11,13,5,High School,0,0
44,68244,492,78717,24,0.47,4,6,PhD,3,0
43,137217,700,49066,0,0.47,10,0,High School,0,0
46,134055,577,66826,20,0.5,13,3,High School,0,1
43,121268,653,25213,26,0.54,2,6,Bachelor,1,0
43,125441,555,76916,9,0.19,6,0,Master,2,0
63,37347,398,71151,26,0.17,1,0,Bachelor,1,0
27,36920,581,55906,5,0.31,6,5,Master,2,0
36,51822,702,5463,22,0.2,13,3,PhD,3,0
64,66659,408,36973,11,0.45,12,2,Master,2,0
58,60108,498,79694,3,0.4,10,4,PhD,3,0
54,148955,602,25651,27,0.53,1,8,High School,0,1
29,109099,626,73694,12,0.1,14,9,PhD,3,0
26,27967,453,25008,16,0.55,8,9,PhD,3,0
60,130719,704,75474,26,0.21,5,9,High School,0,1
25,31871,761,43185,7,0.32,6,2,PhD,3,0
27,114299,431,92924,25,0.29,2,4,PhD,3,0
53,97452,383,79417,19,0.47,2,9,High School,0,0
51,94270,698,76139,2,0.28,12,4,High School,0,0
56,53613,408,39980,11,0.57,9,8,High School,0,0
61,48179,520,27504,6,0.55,3,9,Master,2,0
37,140465,667,59970,11,0.53,6,3,High School,0,0
34,72188,446,21766,1,0.09,10,0,High School,0,0
63,75099,411,98922,23,0.52,5,9,PhD,3,0
51,55262,793,16695,13,0.48,14,4,Bachelor,1,0
40,98213,804,22796,21,0.11,12,0,Bachelor,1,1
38,137407,774,47543,22,0.11,4,5,Master,2,1
40,38268,570,19559,29,0.11,10,9,Master,2,0
49,97866,720,38139,4,0.06,2,9,Bachelor,1,0
47,106269,666,13802,8,0.35,8,6,Bachelor,1,0
58,80545,579,78843,20,0.59,10,0,High School,0,0
47,123483,582,45205,10,0.29,7,9,PhD,3,0
44,112822,339,39159,4,0.35,11,3,High School,0,0
30,92146,488,16516,2,0.58,2,8,Master,2,0
33,91966,463,55492,26,0.19,6,0,Bachelor,1,0
22,59922,835,34086,16,0.52,14,8,Master,2,0
22,99364,835,35480,1,0.35,8,7,High School,0,1
55,62913,303,57091,23,0.36,7,4,Master,2,0
53,117033,589,52766,0,0.24,1,5,Master,2,0
46,124792,732,43737,6,0.36,5,6,PhD,3,0
61,139425,770,14265,29,0.09,2,3,Master,2,1
22,75677,480,75990,13,0.47,6,5,High School,0,0
37,122154,547,96717,4,0.21,7,6,PhD,3,0
60,69841,578,20386,18,0.54,14,5,Master,2,0
26,66332,553,42425,27,0.25,14,5,High School,0,0
43,112062,480,48254,27,0.13,7,1,Bachelor,1,0
50,139863,808,94863,10,0.43,3,4,PhD,3,1
24,115694,625,58634,22,0.14,7,2,Master,2,1
33,45032,656,91717,24,0.46,5,6,Master,2,0
47,57846,690,52662,1,0.58,8,3,PhD,3,0
37,79474,384,91988,7,0.48,12,0,High School,0,0
58,64936,616,92527,8,0.06,8,5,Master,2,0
43,49794,511,80452,26,0.38,7,5,High School,0,0
50,81588,814,15143,2,0.43,6,6,PhD,3,0
35,90984,683,96391,1,0.5,2,7,Master,2,0
49,70331,641,20581,6,0.08,6,2,Bachelor,1,0
26,114397,337,72443,4,0.31,13,5,Bachelor,1,0
51,48141,810,34424,20,0.34,12,9,Bachelor,1,0
26,29074,719,93844,25,0.14,11,1,PhD,3,0
33,26406,468,46984,4,0.23,9,8,Master,2,0
37,117359,642,46505,19,0.29,2,1,PhD,3,0
47,143279,605,67699,12,0.51,1,2,Master,2,0
47,43291,841,31957,20,0.56,11,9,Bachelor,1,0
42,61568,836,30464,28,0.4,13,1,Bachelor,1,1
60,117539,411,28649,19,0.27,5,8,High School,0,0
57,66851,710,47065,28,0.19,11,0,PhD,3,1
54,119942,505,97661,5,0.59,6,4,PhD,3,0
51,74823,484,39758,19,0.59,3,0,High School,0,0
58,43312,681,10596,17,0.56,8,4,Bachelor,1,0
44,63108,795,21374,24,0.48,7,7,Bachelor,1,1
31,86918,678,8775,1,0.23,2,7,PhD,3,0
26,54171,346,32388,24,0.5,12,7,Master,2,0
57,61779,827,26029,25,0.27,7,1,Bachelor,1,1
55,88828,803,88981,5,0.23,1,7,High School,0,0
52,127315,321,58639,8,0.46,9,4,High School,0,0
31,118723,512,19645,24,0.09,13,0,High School,0,0
40,32411,609,36105,2,0.08,7,6,PhD,3,0
53,122821,571,18668,0,0.3,6,5,PhD,3,0
22,137990,501,20960,0,0.3,13,4,PhD,3,0
26,77009,331,16357,18,0.54,2,0,PhD,3,0
25,35422,742,69604,4,0.12,3,0,High School,0,0
37,62468,461,56796,12,0.12,1,5,High School,0,0
45,52371,553,20804,18,0.13,10,9,PhD,3,0
37,77022,820,19626,11,0.07,13,6,PhD,3,0
23,91229,779,33132,15,0.09,5,9,High School,0,1
49,119071,309,12951,24,0.41,9,9,PhD,3,0
53,71196,804,11449,24,0.29,13,0,PhD,3,1
48,100354,735,24065,18,0.47,6,8,PhD,3,0
41,116774,410,14130,2,0.6,5,3,PhD,3,0
45,116410,452,94360,11,0.41,12,4,Bachelor,1,0
33,46715,401,67287,29,0.08,3,1,PhD,3,0
56,47605,490,56702,4,0.11,5,9,High School,0,0
54,119853,380,41993,1,0.53,8,7,High School,0,0
54,51174,788,36875,21,0.34,12,1,High School,0,0
64,29956,387,11054,6,0.5,2,2,High School,0,0
58,124444,493,53517,12,0.52,5,8,PhD,3,0
33,96373,403,81368,24,0.56,6,1,Bachelor,1,0
24,89252,395,34670,14,0.57,10,5,Master,2,0
22,81949,722,54112,21,0.36,8,3,Master,2,0
54,82646,497,93388,2,0.24,8,6,Master,2,0
61,90017,300,94156,27,0.58,5,5,Master,2,0
31,83037,706,33307,20,0.35,9,9,High School,0,0
64,109818,677,72087,19,0.09,4,8,PhD,3,0
50,26548,466,52922,4,0.4,12,8,PhD,3,0
34,136981,808,68080,23,0.37,9,9,Master,2,1
33,123141,612,98348,7,0.54,11,3,Master,2,0
52,93294,717,84335,21,0.41,7,0,Bachelor,1,0
23,129204,776,31312,0,0.24,6,1,Bachelor,1,0
56,43177,372,71985,7,0.58,4,7,Bachelor,1,0
44,44022,440,62608,23,0.49,2,9,High School,0,0
38,126297,561,94962,17,0.4,8,7,PhD,3,0
47,140695,639,45277,19,0.21,6,1,High School,0,0
29,25542,607,36551,27,0.26,12,3,High School,0,0
50,111012,544,94813,15,0.42,3,0,PhD,3,0
47,116320,814,61597,17,0.09,7,6,Bachelor,1,0
31,80428,636,50212,19,0.19,10,3,PhD,3,0
47,42740,375,14637,11,0.44,7,7,Master,2,0
55,79353,474,48258,12,0.31,6,8,Bachelor,1,0
62,110353,408,40693,12,0.27,2,8,PhD,3,0
28,133132,482,14824,9,0.13,8,2,High School,0,0
25,76532,491,31950,6,0.29,1,4,PhD,3,0
32,36052,364,28488,24,0.47,13,5,Bachelor,1,0
50,120689,773,5215,13,0.2,1,5,Master,2,0
57,67076,399,16523,29,0.05,6,9,High School,0,0
46,73420,843,80900,23,0.42,5,7,Master,2,1
42,20671,427,73689,15,0.58,9,5,Master,2,0
57,20163,751,28834,14,0.38,13,5,High School,0,0
31,61424,668,39474,11,0.12,12,3,PhD,3,0
58,129538,342,48066,8,0.23,7,6,PhD,3,0
30,73744,718,15400,7,0.53,2,7,Master,2,0
45,90331,787,15345,17,0.18,13,2,PhD,3,1
56,30634,377,38896,22,0.38,12,6,Bachelor,1,0
56,24798,569,90430,17,0.27,7,2,Master,2,0
57,42420,614,33899,12,0.16,3,7,Master,2,0
39,137043,467,33229,27,0.5,1,0,Master,2,1
60,140575,638,10583,26,0.46,11,0,Bachelor,1,1
53,147158,492,9897,17,0.41,8,5,Master,2,0
45,49300,752,76537,14,0.18,14,9,PhD,3,0
44,109881,582,9567,3,0.1,12,8,PhD,3,0
53,30749,635,79807,16,0.37,3,3,PhD,3,0
58,124131,689,82239,4,0.35,11,5,PhD,3,0
33,45121,824,18329,21,0.15,8,4,Master,2,1
34,148563,539,76792,15,0.08,7,0,Bachelor,1,1
44,57487,782,5228,8,0.09,12,5,High School,0,0
46,113947,757,95282,9,0.6,2,8,PhD,3,0
56,53361,388,87214,23,0.48,13,2,High School,0,0
62,41223,394,42052,17,0.56,14,2,High School,0,0
51,92930,751,62769,16,0.16,14,1,Master,2,1
38,34056,727,51032,17,0.58,1,3,PhD,3,0
41,48380,450,93721,6,0.13,7,9,PhD,3,0
46,46035,813,38686,3,0.33,13,2,PhD,3,0
43,50620,675,81981,25,0.51,1,1,High School,0,0
34,39877,321,68261,4,0.24,6,0,PhD,3,0
40,145481,612,7809,27,0.28,13,2,PhD,3,1
57,75316,818,46785,22,0.12,11,9,Bachelor,1,0
33,84041,505,41547,15,0.12,10,5,Master,2,0
62,128940,674,47818,2,0.39,11,8,PhD,3,0
40,137360,750,76927,25,0.42,10,4,PhD,3,1
33,73352,478,70681,17,0.48,8,2,Master,2,0
30,50911,509,84465,28,0.36,7,4,Master,2,0
28,52784,799,94862,22,0.41,4,4,High School,0,1
49,23191,763,42333,20,0.06,1,4,High School,0,0
35,53160,423,21576,13,0.14,1,6,High School,0,0
52,110536,412,44405,14,0.59,4,4,Master,2,0
40,124576,311,99000,16,0.09,5,6,Bachelor,1,0
37,84641,425,78779,0,0.42,12,8,PhD,3,0
26,69723,630,36601,24,0.15,7,4,Master,2,1
56,23631,582,72946,20,0.44,14,1,Bachelor,1,0
33,26172,439,72356,16,0.44,4,4,Master,2,0
46,62080,700,57116,22,0.18,10,7,Bachelor,1,0
42,109097,396,67894,24,0.2,14,3,Master,2,0
57,110353,816,39635,10,0.41,12,1,Master,2,1
44,40281,368,12465,16,0.26,1,9,Bachelor,1,0
37,48671,417,61754,25,0.16,11,2,Bachelor,1,0
60,142811,358,97850,13,0.45,10,8,Bachelor,1,0
63,71431,332,90119,28,0.13,7,8,Bachelor,1,0
60,110900,617,97691,19,0.52,2,7,Bachelor,1,0
35,142139,349,43871,29,0.33,13,7,Bachelor,1,0
52,127210,788,67874,18,0.11,11,7,Bachelor,1,1
26,147734,318,82733,20,0.43,2,7,Bachelor,1,0
56,112961,496,34511,6,0.34,8,7,Master,2,0
44,135463,749,85960,23,0.21,12,0,Bachelor,1,1
50,48602,751,53821,12,0.28,10,5,Bachelor,1,0
64,108789,588,70776,17,0.21,10,8,Master,2,0
32,71399,440,75167,22,0.19,10,7,Master,2,0
39,43472,383,80135,29,0.14,5,2,High School,0,0
33,69230,690,49462,13,0.25,10,0,High School,0,1
30,93616,514,66382,0,0.19,2,1,Bachelor,1,0
31,27099,825,95194,6,0.43,5,1,Bachelor,1,0
38,138614,514,37574,7,0.43,8,6,High School,0,0
59,45431,702,46910,17,0.33,6,5,High School,0,0
28,76492,427,78531,8,0.48,3,1,PhD,3,0
34,116722,776,30186,0,0.51,8,7,PhD,3,0
61,67684,703,99781,28,0.37,14,8,Bachelor,1,0
63,50111,328,27813,21,0.39,9,6,PhD,3,0
30,125387,637,83812,16,0.21,5,3,High School,0,0
48,83936,660,90525,18,0.54,13,0,Bachelor,1,0
23,42614,691,83282,26,0.06,2,3,Master,2,0
26,112260,517,23557,5,0.24,2,3,Master,2,0
50,61991,501,33060,2,0.45,7,7,High School,0,0
58,90476,316,63866,23,0.09,1,3,PhD,3,0
59,137959,621,77104,4,0.15,10,3,Master,2,0
40,80920,817,89577,1,0.37,12,1,PhD,3,0
29,114294,624,11080,19,0.36,2,9,Master,2,0
22,83530,711,18854,24,0.46,10,6,PhD,3,0
43,56224,617,72695,3,0.5,4,3,Master,2,0
38,27788,381,32025,9,0.12,1,5,Master,2,0
28,48082,773,57982,9,0.06,4,2,Bachelor,1,0
46,143287,767,46081,23,0.43,13,6,Bachelor,1,1
25,109570,724,9368,20,0.22,12,5,High School,0,0
57,121015,503,32094,10,0.39,11,2,Master,2,0
27,96816,686,51040,26,0.13,13,3,PhD,3,1
52,103588,397,71766,15,0.31,10,9,Master,2,0
40,36531,644,88053,25,0.33,5,4,PhD,3,0
60,108340,507,28991,28,0.37,9,8,PhD,3,0
48,114439,813,6301,28,0.33,1,5,Master,2,1
31,64857,465,33610,29,0.32,12,3,PhD,3,0
47,30142,321,86463,16,0.23,5,6,High School,0,0
40,135053,453,39678,15,0.09,2,1,Bachelor,1,0
60,68355,738,29466,6,0.1,9,3,PhD,3,1
24,29866,594,85440,15,0.29,6,4,Master,2,0
34,90067,518,45875,2,0.25,2,3,Bachelor,1,0
49,130990,794,31081,25,0.33,14,3,High School,0,1
41,123634,529,29354,15,0.22,3,8,PhD,3,0
49,123814,319,98297,7,0.43,14,1,PhD,3,0
29,145426,447,23300,29,0.53,8,5,Bachelor,1,0
62,84027,407,69384,11,0.21,1,7,PhD,3,0
60,77906,702,65892,2,0.16,12,7,Master,2,0
22,48138,782,40525,16,0.11,3,6,Bachelor,1,1
24,112601,666,31532,20,0.39,13,9,Bachelor,1,0
34,49956,713,11464,17,0.29,10,3,PhD,3,0
49,127268,608,21562,10,0.15,1,6,High School,0,0
46,124797,433,60514,3,0.41,11,9,High School,0,0
54,144917,582,79219,15,0.13,11,5,High School,0,0
59,146303,372,37634,16,0.35,8,5,High School,0,0
27,96295,780,5060,8,0.34,1,1,Bachelor,1,0
53,25439,651,14269,5,0.45,13,7,Bachelor,1,0
42,67241,625,68143,23,0.08,5,7,PhD,3,0
37,62533,742,28065,26,0.54,4,6,High School,0,0
42,48270,399,7895,19,0.44,7,8,High School,0,0
32,98815,358,85859,24,0.17,14,7,PhD,3,0
58,59279,807,17352,1,0.15,5,8,PhD,3,0
57,129787,557,54737,8,0.29,8,8,PhD,3,0
56,43888,712,37016,27,0.5,12,5,Master,2,0
40,37630,751,66304,20,0.51,14,1,PhD,3,0
41,81063,364,16962,28,0.34,11,6,PhD,3,0
39,138527,453,38302,5,0.52,1,2,Master,2,0
62,143239,565,90382,2,0.05,5,6,High School,0,0
35,147896,378,9011,19,0.07,4,8,Bachelor,1,0
36,55144,614,24782,5,0.55,3,9,High School,0,0
52,72161,547,72691,6,0.48,5,9,Bachelor,1,0
22,116718,713,44725,0,0.3,10,1,Bachelor,1,0
24,145873,324,14196,22,0.46,3,5,PhD,3,0
37,111074,583,48459,0,0.58,8,5,PhD,3,0
44,97360,748,92245,4,0.47,13,8,Master,2,0
32,70979,600,83863,5,0.51,3,8,High School,0,0
33,117661,367,37769,12,0.47,1,4,High School,0,0
31,26979,306,29700,1,0.14,9,4,Bachelor,1,0
53,46189,436,85356,14,0.51,9,8,PhD,3,0
37,62600,463,81427,14,0.16,6,7,PhD,3,0
29,79560,382,10269,12,0.54,10,6,High School,0,0
59,98040,719,48880,25,0.3,1,7,Master,2,0
33,143257,372,13320,24,0.42,8,5,PhD,3,0
45,81558,536,54589,13,0.32,2,2,Master,2,0
49,106205,345,81276,25,0.1,9,6,High School,0,0
29,26910,561,40897,21,0.21,14,7,High School,0,0
49,77713,475,63565,6,0.59,8,7,Master,2,0
57,66857,465,35930,13,0.58,3,0,PhD,3,0
47,54964,669,62233,25,0.23,13,6,High School,0,0
29,105667,353,87821,23,0.6,5,2,Bachelor,1,0
49,45227,718,19380,26,0.52,9,1,High School,0,0
49,25978,806,81896,28,0.39,13,1,PhD,3,0
58,107527,640,75934,9,0.07,1,7,Bachelor,1,0
62,37153,426,60830,16,0.55,9,8,High School,0,0
57,79765,708,10529,13,0.36,4,2,PhD,3,0
48,119084,666,99598,7,0.53,4,2,PhD,3,0
38,128212,570,87987,3,0.51,4,5,High School,0,0
30,59071,678,54178,25,0.51,10,9,PhD,3,0
54,132990,372,11937,15,0.43,12,0,Master,2,0
41,89519,547,44886,23,0.21,9,5,Bachelor,1,0
34,29503,342,54699,12,0.23,14,2,Master,2,0
49,80703,676,81396,21,0.22,6,3,High School,0,0
50,84379,340,95678,26,0.06,11,8,Master,2,0
34,115457,469,30279,24,0.37,8,2,High School,0,0
56,77866,511,43106,26,0.43,12,0,High School,0,0
27,36905,792,84737,19,0.52,14,2,PhD,3,0
39,65838,338,45544,17,0.13,4,6,PhD,3,0
26,145200,668,13997,13,0.35,3,6,High School,0,0
46,78279,450,90711,17,0.05,14,4,Bachelor,1,0
23,109489,410,45860,4,0.1,1,0,Bachelor,1,0
31,46806,779,8225,25,0.08,10,7,Bachelor,1,0
51,65000,735,64470,8,0.45,7,9,Master,2,0
26,42168,346,68656,27,0.09,4,7,High School,0,0
54,90119,665,56880,2,0.44,14,9,PhD,3,0
22,58714,368,66078,7,0.19,8,9,Master,2,0
39,74093,598,93646,19,0.53,14,9,Master,2,0
53,75419,595,81290,21,0.5,3,1,PhD,3,0
32,69145,502,61633,9,0.58,1,9,High School,0,0
42,125432,360,31655,21,0.54,5,2,Master,2,0
47,97425,613,48601,18,0.56,14,3,High School,0,0
46,112949,460,8114,29,0.52,2,0,High School,0,0
43,97811,630,31502,20,0.43,3,3,High School,0,0
48,22461,827,54768,27,0.14,14,4,PhD,3,1
34,34291,637,53128,2,0.2,6,2,High School,0,0
54,66804,603,25028,10,0.17,3,9,Master,2,0
55,96971,802,60565,10,0.38,3,1,PhD,3,1
62,113471,637,88123,16,0.33,12,5,PhD,3,0
56,84946,849,40333,15,0.53,6,7,Master,2,1
22,118989,574,8174,6,0.57,5,6,PhD,3,0
42,104080,463,40398,3,0.27,10,0,Master,2,0
27,141719,742,40929,29,0.33,9,3,Bachelor,1,1
49,81332,618,9321,22,0.58,1,2,Master,2,0
38,97794,803,60421,18,0.2,13,5,PhD,3,0
26,50841,686,77635,11,0.49,3,8,Master,2,0
52,144447,793,28760,14,0.17,3,8,Bachelor,1,1
26,140029,789,16360,10,0.42,11,6,High School,0,1
59,68758,372,15313,4,0.19,6,8,High School,0,0
24,134726,808,90998,4,0.54,8,7,High School,0,0
44,96272,689,10801,14,0.36,3,4,PhD,3,0
58,57643,594,19130,28,0.15,3,8,Bachelor,1,0
58,70408,668,19271,17,0.17,6,6,Master,2,0
31,63950,848,21075,10,0.32,8,4,Master,2,0
31,76849,486,23984,25,0.58,6,7,Master,2,0
40,120500,744,93095,11,0.47,13,6,Master,2,0
38,48044,662,65942,1,0.32,12,8,PhD,3,0
42,125469,422,17861,19,0.24,14,9,PhD,3,0
35,145588,487,87203,14,0.35,10,0,Bachelor,1,0
30,35997,719,76376,19,0.46,3,8,Master,2,0
22,99751,551,66247,3,0.48,4,6,High School,0,0
34,118605,848,74101,21,0.23,1,0,PhD,3,1
25,43911,634,25977,17,0.45,13,0,Bachelor,1,0
22,75533,391,55617,5,0.41,8,4,Bachelor,1,0
61,102566,829,62473,22,0.58,4,7,PhD,3,0
53,114870,362,91654,26,0.56,6,8,High School,0,0
55,34571,811,93177,25,0.48,11,5,High School,0,0
49,128255,438,77902,18,0.45,3,9,Master,2,0
52,149226,484,97172,10,0.2,11,7,PhD,3,0
29,114463,504,20630,27,0.52,12,5,High School,0,0
60,77941,513,25056,23,0.29,11,5,PhD,3,0
47,78005,555,12382,1,0.2,6,3,Bachelor,1,0
55,106250,434,60739,26,0.26,12,4,Bachelor,1,0
24,78712,387,86685,7,0.51,11,1,Bachelor,1,0
33,63541,506,53639,28,0.13,9,2,PhD,3,0
22,43387,428,64838,10,0.3,9,2,Master,2,0
26,113980,302,51041,4,0.32,10,4,Master,2,0
51,68908,420,5992,17,0.07,3,4,High School,0,0
51,105457,684,77394,22,0.16,3,5,PhD,3,0
38,33057,337,72657,29,0.5,4,4,Master,2,0
44,84028,640,32160,17,0.51,12,5,PhD,3,0
36,130804,320,50156,13,0.21,7,7,Master,2,0
58,139246,541,56375,21,0.53,3,1,Bachelor,1,0
42,75731,754,91442,9,0.47,10,3,Bachelor,1,0
35,44858,602,24572,2,0.28,8,5,High School,0,0
23,68689,368,9136,8,0.46,11,4,Bachelor,1,0
32,64638,428,66868,2,0.58,8,0,Master,2,0
60,111598,495,87263,10,0.3,6,8,High School,0,0
59,122386,439,37167,11,0.18,4,2,High School,0,0
55,66486,743,20479,11,0.57,11,1,Bachelor,1,0
59,40567,582,36376,2,0.38,12,8,PhD,3,0
55,49739,611,9823,20,0.11,11,6,Bachelor,1,0
39,77804,834,75456,6,0.36,5,4,Bachelor,1,0
51,128821,576,24585,13,0.33,12,5,High School,0,0
36,23754,360,22272,23,0.52,2,3,Bachelor,1,0
48,47044,618,31619,27,0.34,13,0,Master,2,0
55,87260,351,80069,10,0.19,6,3,High School,0,0
59,86912,452,44895,6,0.42,3,8,Bachelor,1,0
54,145623,610,8720,24,0.35,6,0,PhD,3,1
45,28706,843,24267,20,0.18,12,9,Master,2,0
36,28894,688,20696,9,0.37,5,2,PhD,3,0
51,38037,847,34968,10,0.5,14,4,Master,2,0
63,103986,476,58364,14,0.07,2,6,PhD,3,0
38,101942,661,28345,18,0.4,12,8,Bachelor,1,0
26,71612,613,56567,15,0.24,13,5,Master,2,0
50,49725,396,96229,21,0.21,14,2,High School,0,0
25,25926,512,66607,20,0.27,5,6,High School,0,0
31,124555,436,24385,27,0.24,5,3,PhD,3,0
38,29496,305,88658,19,0.51,14,2,PhD,3,0
31,76447,408,71900,11,0.2,9,6,PhD,3,0
38,121604,846,73244,17,0.45,11,6,Master,2,0
41,49806,338,70425,22,0.1,8,3,High School,0,0
45,108199,724,83518,12,0.57,12,6,Bachelor,1,0
26,61321,560,87844,4,0.39,12,1,Master,2,0
55,142041,725,37919,3,0.44,7,0,PhD,3,0
27,122031,386,95697,27,0.21,12,1,High School,0,0
23,85095,764,62196,13,0.28,13,3,PhD,3,0
34,42656,375,84401,7,0.17,14,7,Bachelor,1,0
64,75147,770,5495,8,0.56,3,2,Bachelor,1,0
64,111396,713,49755,24,0.32,10,9,High School,0,1
32,69666,756,72684,18,0.4,4,5,Master,2,0
44,102368,584,38324,2,0.45,6,5,Bachelor,1,0
37,58787,538,83929,4,0.25,3,8,Bachelor,1,0
52,133767,671,6552,20,0.45,11,8,Bachelor,1,0
32,82946,794,56272,25,0.42,9,3,Bachelor,1,0
37,41727,344,40853,17,0.44,8,8,PhD,3,0
29,128351,700,37924,0,0.32,6,5,PhD,3,0
25,115081,546,79462,7,0.26,4,1,Master,2,0
61,142721,749,28889,18,0.17,7,9,High School,0,1
25,130058,784,59675,16,0.5,13,5,High School,0,0
46,88056,317,78591,16,0.38,11,1,High School,0,0
24,23081,588,75190,10,0.29,3,7,Bachelor,1,0
53,54196,713,27634,1,0.57,10,3,PhD,3,0
24,56735,534,37363,5,0.08,8,4,PhD,3,0
48,124749,715,68752,21,0.52,1,7,Master,2,0
50,100102,798,82004,13,0.6,3,7,High School,0,0
53,99578,414,61398,2,0.54,11,5,PhD,3,0
40,45498,533,45718,11,0.5,5,3,Master,2,0
42,96865,839,87916,3,0.26,5,0,High School,0,1
26,51656,310,31870,11,0.18,10,6,Bachelor,1,0
39,87695,505,42394,12,0.45,14,7,PhD,3,0
49,57900,546,57057,1,0.22,2,8,PhD,3,0
63,148392,426,84795,1,0.15,10,1,High School,0,0
43,137235,446,85409,14,0.48,8,0,Bachelor,1,0
42,104899,417,18016,22,0.22,5,3,Bachelor,1,0
27,67701,681,47137,28,0.55,7,4,PhD,3,0
22,128777,711,5153,16,0.51,7,9,High School,0,0
26,39033,662,12853,6,0.52,14,0,Master,2,0
62,143193,808,17379,29,0.47,5,4,PhD,3,1
33,30805,436,20792,27,0.53,8,5,Bachelor,1,0
47,55851,474,43367,13,0.49,9,2,Master,2,0
55,46832,588,23100,11,0.38,4,6,High School,0,0
35,83437,780,68456,29,0.21,4,5,Bachelor,1,1
47,135725,318,16049,16,0.54,8,3,Master,2,0
48,33944,494,5786,13,0.51,1,2,PhD,3,0
30,39873,629,74904,5,0.31,4,4,Bachelor,1,0
47,60372,474,35699,18,0.07,6,2,High School,0,0
43,109464,748,52691,23,0.4,13,9,Bachelor,1,0
51,35379,653,42040,5,0.08,4,8,PhD,3,0
64,137322,798,97990,26,0.56,6,8,High School,0,1
38,56751,440,62986,17,0.58,5,5,PhD,3,0
47,120082,392,43762,23,0.15,14,5,Master,2,0
57,109822,538,28600,4,0.42,9,3,Bachelor,1,0
22,25110,504,99774,23,0.1,10,3,PhD,3,0
29,74341,732,95777,23,0.45,9,1,Master,2,0
56,32087,544,24810,5,0.24,4,9,High School,0,0
36,43762,616,90703,1,0.42,13,3,High School,0,0
43,135812,594,92347,7,0.26,14,7,Master,2,0
35,102617,581,62204,14,0.13,4,9,Master,2,0
47,120483,316,25085,14,0.27,12,1,High School,0,0
49,29596,370,51854,10,0.11,8,8,PhD,3,0
44,123555,568,79797,21,0.37,10,0,Master,2,0
35,127539,624,89269,21,0.07,4,1,PhD,3,1
45,38313,604,44779,23,0.34,2,1,High School,0,0
23,133175,750,61207,0,0.54,13,5,PhD,3,0
47,86549,306,99615,17,0.51,13,6,PhD,3,0
35,134914,613,38980,11,0.54,14,2,Master,2,0
28,43705,402,61117,11,0.56,2,8,PhD,3,0
24,87364,492,19141,24,0.11,1,4,PhD,3,0
44,93445,828,14344,10,0.12,5,4,PhD,3,1
64,123892,470,20896,27,0.36,6,3,High School,0,0
39,98645,836,94353,7,0.54,9,8,High School,0,0
59,22023,550,34813,27,0.59,5,7,Bachelor,1,0
56,139654,686,89431,6,0.08,13,3,High School,0,0
36,79796,506,70679,22,0.25,6,3,High School,0,0
46,100073,840,15681,20,0.17,6,1,Bachelor,1,1
58,112197,715,77903,1,0.47,3,8,Bachelor,1,0
49,84429,679,8228,10,0.4,12,2,Master,2,0
31,124195,443,9582,21,0.12,4,3,Master,2,0
60,81627,324,83683,9,0.32,1,6,High School,0,0
38,53848,372,16397,2,0.43,4,9,PhD,3,0
60,57804,392,43799,19,0.48,1,7,Master,2,0
43,35379,804,42011,28,0.06,5,7,Master,2,0
47,79664,635,84183,9,0.54,11,3,High School,0,0
46,47766,724,98254,27,0.36,11,6,PhD,3,0
38,129126,798,49264,26,0.5,8,9,Bachelor,1,0
34,88099,663,47317,17,0.49,8,0,Bachelor,1,0
41,56060,498,52914,13,0.15,5,5,High School,0,0
46,114733,712,89633,17,0.11,14,5,High School,0,1
25,89122,638,50254,27,0.45,10,5,PhD,3,0
31,36087,728,45096,23,0.14,2,1,High School,0,0
24,68868,438,58785,7,0.52,12,7,High School,0,0
62,139119,841,57344,9,0.45,6,4,High School,0,1
39,43225,356,87643,21,0.51,1,4,PhD,3,0
57,115286,531,73546,12,0.21,7,1,High School,0,0
43,26643,734,76091,20,0.22,11,3,Master,2,1
55,113059,683,70603,7,0.42,4,8,PhD,3,0
29,56727,493,33412,3,0.07,5,8,Master,2,0
61,31005,833,56658,26,0.45,6,5,PhD,3,1
40,129079,817,54549,3,0.51,11,8,Master,2,1
63,85697,484,16549,4,0.28,1,3,PhD,3,0
62,36029,591,76216,0,0.47,9,0,Bachelor,1,0
58,135281,634,30739,16,0.15,10,1,High School,0,1
27,34226,415,26209,1,0.23,4,0,High School,0,0
47,83646,348,92968,29,0.59,8,7,PhD,3,0
55,80603,381,20116,7,0.59,5,8,Master,2,0
27,48731,632,25045,6,0.33,11,9,Bachelor,1,0
58,129458,634,31327,14,0.56,8,5,Master,2,0
54,130384,831,40709,25,0.34,1,1,High School,0,1
43,88926,520,48617,24,0.21,8,5,High School,0,0
42,25997,622,65139,4,0.2,11,8,Master,2,0
27,75506,302,31905,1,0.56,13,2,PhD,3,0
27,98229,505,69148,6,0.14,11,8,PhD,3,0
25,69815,339,77603,7,0.37,4,1,Master,2,0
51,62092,358,47919,27,0.36,2,4,High School,0,0
32,82539,806,88521,6,0.46,11,1,Master,2,1
51,86077,421,97905,29,0.32,6,6,High School,0,0
52,41817,778,88400,6,0.2,2,9,Master,2,0
45,57861,395,93150,27,0.14,5,8,PhD,3,0
30,33428,713,63446,13,0.39,2,6,Bachelor,1,0
24,63934,534,57428,20,0.45,3,4,High School,0,0
52,135555,361,52894,17,0.36,11,3,Bachelor,1,0
61,134367,555,86149,5,0.46,6,3,PhD,3,0
58,30258,647,11447,3,0.13,1,9,Master,2,0
57,77775,423,10499,9,0.54,6,7,PhD,3,0
45,101580,781,44041,17,0.37,3,9,Bachelor,1,1
52,114947,616,36315,11,0.12,7,9,PhD,3,0
27,25469,803,6299,15,0.3,2,9,PhD,3,0
23,48854,347,9994,24,0.51,14,9,Master,2,0
41,26256,708,86163,6,0.54,6,9,Bachelor,1,0
49,144086,435,12489,5,0.2,8,0,Bachelor,1,0
32,96256,500,96647,27,0.44,1,4,Bachelor,1,0
25,53937,549,37355,4,0.1,11,1,High School,0,0
36,119134,613,78805,2,0.07,11,8,PhD,3,0
27,21651,667,73367,11,0.36,13,6,Bachelor,1,0
51,70288,728,82355,14,0.43,9,9,PhD,3,0
59,104730,779,95349,9,0.49,5,7,Master,2,0
23,45051,613,92173,25,0.24,5,5,Master,2,0
36,47386,799,6996,19,0.05,13,8,High School,0,0
32,95054,654,49387,18,0.31,12,5,High School,0,0
29,131562,784,8089,15,0.06,5,6,Master,2,1
47,36184,510,25659,27,0.1,6,6,Bachelor,1,0
26,53787,343,50178,10,0.23,2,8,Master,2,0
27,41621,840,86268,7,0.29,6,7,PhD,3,0
47,95564,391,90042,2,0.2,14,0,High School,0,0
25,97984,564,75726,22,0.37,11,3,High School,0,0
40,79792,519,75111,6,0.08,4,6,Master,2,0
41,65253,741,39565,22,0.13,8,7,Bachelor,1,0
54,54051,700,94242,28,0.43,13,6,Bachelor,1,0
41,69811,699,27884,6,0.13,11,2,PhD,3,0
33,50447,789,22199,13,0.4,9,3,High School,0,0
22,148046,784,65038,1,0.08,9,6,Master,2,1
47,103930,769,62786,9,0.27,8,7,Master,2,0
35,143278,744,54294,18,0.15,3,6,High School,0,1
59,120037,568,83015,25,0.11,10,5,Master,2,0
58,50254,566,39178,8,0.36,11,8,High School,0,0
32,104045,353,17665,15,0.56,11,8,Bachelor,1,0
57,136859,827,5534,18,0.08,4,6,Bachelor,1,1
34,77418,819,96828,17,0.28,1,7,Master,2,1
64,134534,358,41132,8,0.44,9,5,Bachelor,1,0
24,34472,339,41110,15,0.3,5,0,Bachelor,1,0
54,131193,536,63754,12,0.49,6,0,PhD,3,0
27,23471,685,68580,9,0.15,3,5,High School,0,0
31,127332,599,27469,24,0.58,11,1,High School,0,0
26,140312,694,69016,19,0.26,10,7,Master,2,0
44,143379,506,51233,13,0.24,8,0,High School,0,1
31,115804,635,71708,11,0.53,7,1,PhD,3,0
23,28329,813,63232,24,0.36,1,7,Master,2,0
34,54865,477,98450,18,0.33,10,5,Master,2,0
61,66850,695,91437,6,0.45,12,9,High School,0,0
23,74220,670,39409,22,0.37,5,1,Bachelor,1,0
41,132234,617,24324,14,0.14,10,1,Bachelor,1,1
22,113808,668,13738,15,0.42,9,6,Bachelor,1,0
58,128381,683,29054,26,0.12,12,4,Bachelor,1,1
30,26397,361,34709,7,0.49,11,4,PhD,3,0
38,117909,804,90643,9,0.59,12,7,Master,2,0
30,149004,538,5363,3,0.26,6,6,Bachelor,1,0
32,55525,494,15358,18,0.29,8,8,PhD,3,0
36,73072,521,8240,18,0.08,10,3,Master,2,0
45,110106,360,77201,27,0.06,1,9,High School,0,0
59,103820,428,50689,20,0.56,10,3,High School,0,0
56,104530,455,6936,26,0.12,11,1,PhD,3,0
51,43284,677,96074,14,0.3,7,2,Master,2,0
52,81330,736,48965,13,0.5,3,0,Bachelor,1,0
26,103369,506,82534,0,0.54,9,0,Master,2,0
35,45122,687,5882,15,0.34,6,6,Bachelor,1,0
32,90553,779,25224,9,0.36,5,4,PhD,3,1
30,101906,639,35825,18,0.42,8,2,Bachelor,1,0
55,114788,639,75740,29,0.58,8,6,PhD,3,0
33,82812,503,33885,21,0.38,12,1,Master,2,0
56,27999,460,45056,2,0.36,12,2,Master,2,0
56,42436,839,8203,4,0.06,3,0,Bachelor,1,0
22,62963,691,65241,8,0.09,2,7,Master,2,0
61,22096,833,7244,17,0.37,2,1,Bachelor,1,0
43,149940,369,73619,10,0.56,14,6,Master,2,0
50,133737,704,26584,15,0.53,5,8,High School,0,0
29,45279,816,13521,1,0.59,10,5,Bachelor,1,0
32,141092,419,55017,11,0.34,12,1,PhD,3,0
62,128899,516,38541,21,0.48,7,1,High School,0,0
58,134245,355,34063,5,0.51,8,8,PhD,3,0
35,46201,665,75268,10,0.41,10,9,Master,2,0
51,39715,803,69952,26,0.24,8,7,High School,0,0
56,49309,754,98054,7,0.31,13,8,Master,2,0
42,35078,403,44563,11,0.52,12,3,Bachelor,1,0
58,76614,376,44752,28,0.21,8,3,PhD,3,0
26,25105,529,7567,26,0.56,10,1,Master,2,0
40,137666,557,21121,29,0.18,12,9,PhD,3,0
35,114848,563,6674,1,0.46,11,0,PhD,3,0
47,22839,630,81411,8,0.4,3,9,Master,2,0
25,88920,481,71275,14,0.46,14,3,Bachelor,1,0
46,63619,849,72081,1,0.29,11,9,PhD,3,0
63,62821,326,34140,28,0.56,2,9,Master,2,0
46,145736,575,14327,0,0.4,13,7,Bachelor,1,0
39,33493,598,75663,9,0.21,4,1,Master,2,0
61,37069,390,28331,1,0.4,1,7,Bachelor,1,0
29,132443,779,28004,11,0.21,3,0,PhD,3,1
60,27531,757,15492,22,0.21,11,0,High School,0,1
61,57051,750,59797,7,0.27,9,3,Master,2,0
35,27736,664,63095,4,0.52,7,6,PhD,3,0
53,27710,650,18749,21,0.33,7,8,Master,2,0
59,87155,699,68217,27,0.42,1,4,Master,2,0
54,33975,552,94044,0,0.27,7,1,Bachelor,1,0
44,82424,758,14045,14,0.19,10,6,Master,2,0
36,65603,798,25116,5,0.58,7,1,Bachelor,1,0
54,43252,807,23667,11,0.38,4,8,PhD,3,0
46,100797,603,80057,7,0.56,7,8,Master,2,0
38,21431,800,79205,12,0.16,8,2,PhD,3,0
54,94603,465,32302,18,0.13,3,7,High School,0,0
23,57481,714,16283,26,0.52,13,3,PhD,3,1
35,112573,761,35935,0,0.42,10,2,Master,2,0
61,29557,413,77534,10,0.15,2,0,High School,0,0
61,94971,732,99342,19,0.2,7,4,Bachelor,1,0
60,123302,655,36624,0,0.49,5,3,High School,0,0
27,20162,506,18440,29,0.3,5,0,Master,2,0
27,54742,534,51501,7,0.42,14,9,Master,2,0
24,39675,741,92333,4,0.23,5,7,PhD,3,0
28,93997,654,6269,16,0.26,7,7,Bachelor,1,0
29,37015,814,12868,29,0.59,9,7,Master,2,0
63,70057,507,35251,7,0.19,11,2,Master,2,0
36,52591,424,82909,24,0.33,8,5,Bachelor,1,0
50,113583,437,89523,9,0.51,6,6,Bachelor,1,0
54,146133,638,43729,1,0.18,7,8,PhD,3,0
51,120318,836,20734,8,0.28,9,4,High School,0,1
60,29833,367,47429,23,0.39,14,8,Bachelor,1,0
48,27896,840,46337,22,0.31,11,5,Master,2,1
57,52972,682,45325,2,0.3,6,9,Bachelor,1,0
50,69733,318,88600,17,0.25,1,9,Master,2,0
59,140363,749,67514,6,0.37,4,9,PhD,3,0
54,61800,373,13433,14,0.39,8,3,High School,0,0
58,116044,575,14111,20,0.41,7,0,PhD,3,0
48,25347,347,68753,21,0.09,3,0,Bachelor,1,0
54,79063,510,85583,19,0.4,10,9,Master,2,0
25,115850,839,78620,17,0.57,3,4,Bachelor,1,1
43,22643,490,26751,24,0.35,11,2,Bachelor,1,0
23,60785,614,21453,2,0.44,3,4,Bachelor,1,0
31,38681,412,90844,27,0.36,12,4,Bachelor,1,0
26,70026,469,43968,29,0.52,1,0,High School,0,0
31,123864,767,35077,22,0.56,10,7,Master,2,1
54,35892,313,39775,13,0.15,1,4,Bachelor,1,0
59,67299,587,63144,23,0.29,6,4,Master,2,0
34,37073,488,53570,1,0.27,14,8,High School,0,0
52,122304,454,51097,13,0.27,14,7,Master,2,0
57,50682,770,29503,21,0.12,1,0,Master,2,1
45,117798,374,7779,10,0.5,5,2,High School,0,0
36,146021,576,91840,15,0.07,4,6,Bachelor,1,1
50,116894,642,5755,7,0.34,5,0,Master,2,0
29,144302,724,44263,6,0.41,7,0,PhD,3,1
26,34289,810,60087,10,0.16,6,4,Master,2,0
50,135359,481,47281,2,0.55,12,8,Bachelor,1,0
25,27927,757,56482,16,0.51,9,5,PhD,3,0
33,68330,363,59857,13,0.31,6,9,Bachelor,1,0
23,86707,559,22400,5,0.28,9,1,Master,2,0
48,140279,492,45115,7,0.18,4,8,High School,0,0
52,97454,705,19249,21,0.45,1,5,Bachelor,1,0
57,127439,392,51825,4,0.12,1,4,Bachelor,1,0
57,124646,729,29600,26,0.42,10,4,High School,0,1
47,85428,733,42706,27,0.51,7,2,Master,2,1
64,70601,703,24222,7,0.18,13,5,Bachelor,1,0
48,97465,733,46139,1,0.53,13,3,Master,2,0
26,22539,411,46302,14,0.07,13,9,Master,2,0
41,122263,674,99684,11,0.55,3,1,Master,2,0
32,131487,358,92838,16,0.12,2,2,High School,0,0
31,42669,342,73159,0,0.41,14,8,Master,2,0
61,90968,506,13646,14,0.19,6,8,Master,2,0
59,40644,595,18543,13,0.51,6,5,PhD,3,0
27,38745,417,99496,19,0.33,13,9,PhD,3,0
29,140852,831,27785,21,0.12,7,9,PhD,3,1
44,148081,521,83353,15,0.36,5,8,Bachelor,1,0
47,48228,465,36406,28,0.27,8,3,Bachelor,1,0
64,138358,455,93992,8,0.41,7,4,PhD,3,0
33,54521,483,56428,0,0.54,2,9,High School,0,0
47,142788,389,28777,27,0.28,1,5,High School,0,0
34,117239,393,62939,16,0.21,13,8,PhD,3,0
61,46928,312,58026,28,0.06,14,4,Bachelor,1,0
39,38322,737,91450,12,0.37,9,7,Bachelor,1,0
46,77714,837,34553,20,0.27,5,0,High School,0,1
54,107896,449,28548,25,0.26,12,4,Master,2,0
61,82292,307,68221,20,0.15,11,9,High School,0,0
64,49055,328,42265,4,0.29,5,0,Master,2,0
33,62891,595,45701,9,0.59,12,9,Bachelor,1,0
57,101912,639,56287,5,0.21,10,5,Bachelor,1,0
25,26588,738,11727,23,0.38,4,6,PhD,3,0
26,110536,443,55717,18,0.48,2,4,Bachelor,1,0
58,26304,818,37427,24,0.46,5,0,Master,2,1
29,27345,344,21692,12,0.23,2,5,High School,0,0
63,49300,538,36625,0,0.39,12,9,PhD,3,0
49,44259,454,29918,19,0.53,7,4,Master,2,0
52,111006,480,46136,24,0.06,11,5,High School,0,0
30,108553,514,57409,14,0.29,9,9,High School,0,0
50,35352,387,20577,13,0.17,9,6,High School,0,0
35,149350,555,90155,7,0.26,11,6,Bachelor,1,0
61,53365,810,86731,9,0.28,6,1,High School,0,1
62,39446,372,32689,8,0.46,1,2,Bachelor,1,0
43,22336,478,16154,16,0.1,13,5,High School,0,0
32,82032,511,99948,8,0.33,6,2,High School,0,0
44,95415,533,26341,2,0.36,5,1,Bachelor,1,0
22,117852,764,79681,10,0.32,4,3,Bachelor,1,1
58,118876,522,51330,11,0.45,12,4,Master,2,0
42,27521,563,92759,9,0.26,6,9,High School,0,0
47,91707,506,73416,24,0.57,6,8,Bachelor,1,0
57,43481,665,91807,16,0.31,14,2,Master,2,0
44,38474,575,38313,16,0.36,6,2,Master,2,0
22,66760,679,51900,24,0.5,2,5,Bachelor,1,0
61,75718,608,83840,10,0.2,14,4,High School,0,0
36,64629,567,39695,29,0.09,7,5,Master,2,0
42,65232,363,35225,21,0.44,14,6,High School,0,0
30,106544,649,91072,3,0.32,4,2,High School,0,0
30,87169,793,54156,6,0.54,13,4,Master,2,0
31,147941,822,82209,20,0.59,12,7,Bachelor,1,1
47,70669,397,92453,25,0.27,9,3,High School,0,0
62,98021,370,32829,13,0.28,10,9,PhD,3,0
56,129153,663,85908,6,0.27,2,1,Bachelor,1,1
46,89184,575,30938,23,0.23,5,3,Master,2,0
47,67945,349,64164,7,0.48,14,1,PhD,3,0
32,33140,657,59530,0,0.47,4,2,High School,0,0
59,146468,784,73199,23,0.31,9,3,Bachelor,1,1
23,103457,383,65282,21,0.07,4,3,PhD,3,0
28,34357,595,52801,3,0.22,8,9,Bachelor,1,0
39,131672,535,14465,28,0.21,8,8,High School,0,0
48,88673,355,8326,29,0.5,6,9,Bachelor,1,0
55,141673,659,8659,11,0.1,6,5,PhD,3,0
48,85633,409,65289,23,0.49,11,8,Bachelor,1,0
38,96943,491,32594,2,0.42,8,3,Master,2,0
64,116111,392,9763,12,0.45,12,8,Master,2,0
45,98258,359,93657,19,0.29,13,8,PhD,3,0
46,32924,338,15828,5,0.42,12,5,Bachelor,1,0
28,89286,839,52588,10,0.38,10,4,PhD,3,1
27,113269,348,16221,22,0.47,9,2,Bachelor,1,0
45,147563,719,16211,3,0.3,5,4,High School,0,0
54,94071,312,18569,19,0.31,11,2,Master,2,0
50,77326,335,42860,15,0.4,1,4,High School,0,0
64,110023,400,76558,6,0.11,1,4,Bachelor,1,0
43,140101,385,50337,21,0.29,2,1,High School,0,0
47,50651,815,57311,28,0.58,10,8,PhD,3,0
49,90202,522,18515,10,0.07,10,6,PhD,3,0
42,68777,637,76695,23,0.22,5,5,Bachelor,1,0
28,36994,465,92227,0,0.22,4,4,Master,2,0
38,87263,682,29904,25,0.4,1,3,PhD,3,0
41,79634,675,64935,28,0.11,4,7,Master,2,0
62,120158,770,48790,26,0.4,4,1,Bachelor,1,1
41,30800,330,73580,6,0.1,10,7,Master,2,0
43,57823,674,80148,11,0.1,4,0,Bachelor,1,0
49,128575,310,10636,6,0.45,1,9,High School,0,0
61,83878,601,82129,26,0.23,9,0,Bachelor,1,1
28,38708,395,7892,22,0.59,14,2,High School,0,0
22,32819,489,26672,6,0.07,3,4,Bachelor,1,0
53,94905,752,10812,9,0.29,13,5,PhD,3,0
34,83870,491,5654,29,0.11,4,3,PhD,3,0
51,29283,785,59633,15,0.24,5,6,Master,2,0
44,50573,565,22143,25,0.6,13,6,Bachelor,1,0
40,98707,723,60934,7,0.54,13,1,Bachelor,1,0
53,50933,427,72334,8,0.08,7,1,Bachelor,1,0
51,25774,537,34087,8,0.36,6,1,Master,2,0
50,92055,654,16618,1,0.41,5,1,PhD,3,0
50,30983,411,13446,12,0.17,8,8,Bachelor,1,0
51,116468,745,92182,12,0.13,14,4,Master,2,1
37,116334,642,53867,22,0.55,1,7,Bachelor,1,0
61,38133,444,56028,22,0.58,7,4,High School,0,0
40,145555,364,65101,3,0.6,12,4,Bachelor,1,0
39,34939,546,32200,24,0.48,6,0,High School,0,0
22,20781,789,93074,23,0.41,11,5,Master,2,0
35,134586,738,66465,11,0.24,5,3,Master,2,1
23,76700,405,91436,16,0.14,7,2,PhD,3,0
49,47624,480,92892,1,0.09,3,5,Bachelor,1,0
51,26823,483,93559,12,0.43,1,1,Master,2,0
59,38489,525,44148,28,0.48,9,7,PhD,3,0
25,138555,388,87928,17,0.5,2,0,Bachelor,1,0
22,59961,829,25698,27,0.55,13,8,Master,2,1
29,139664,670,47470,27,0.53,10,7,High School,0,1
50,49118,698,97071,26,0.6,3,0,Master,2,0
60,120417,405,56660,14,0.18,8,9,High School,0,0
24,101816,570,58910,7,0.47,12,8,PhD,3,0
53,42263,802,40450,14,0.37,10,1,PhD,3,0
31,33565,824,61463,0,0.19,9,2,Bachelor,1,0
31,40354,331,38757,19,0.59,13,1,Bachelor,1,0
40,62951,692,83012,9,0.54,3,7,Bachelor,1,0
55,111179,339,75247,11,0.12,6,1,PhD,3,0
54,43648,517,77015,4,0.06,7,9,High School,0,0
44,70729,381,36390,8,0.43,1,1,Bachelor,1,0
49,61971,500,61116,22,0.38,14,0,Bachelor,1,0
53,38658,746,18161,7,0.56,7,6,PhD,3,0
28,41253,727,37152,15,0.18,4,1,High School,0,0
50,84166,337,85171,13,0.1,5,9,Master,2,0
29,68563,510,25836,26,0.19,8,4,Bachelor,1,0
22,46390,743,95367,24,0.06,4,4,Master,2,1
24,108664,626,71543,12,0.07,4,2,Master,2,0
45,71578,526,60648,22,0.55,8,2,Bachelor,1,0
44,99025,347,31331,20,0.24,5,2,PhD,3,0
29,123850,317,15763,12,0.28,13,5,Bachelor,1,0
58,52658,738,74444,4,0.06,6,3,High School,0,0
24,26852,486,98109,15,0.2,12,2,High School,0,0
54,147282,644,24187,25,0.49,11,1,Bachelor,1,1
49,114986,523,16957,10,0.39,14,2,Master,2,0
29,22551,787,9379,21,0.46,5,3,High School,0,0
55,91947,528,32959,4,0.3,1,5,High School,0,0
56,81001,689,87018,12,0.22,7,3,Bachelor,1,0
53,69159,487,32105,27,0.32,6,7,Bachelor,1,0
45,142775,569,5877,10,0.23,2,2,PhD,3,1
35,71707,609,53353,24,0.51,11,2,Bachelor,1,0
53,53243,431,88788,18,0.21,7,2,Bachelor,1,0
64,41800,371,89585,2,0.41,6,7,High School,0,0
37,95939,486,88308,14,0.13,5,3,High School,0,0
25,77828,785,56567,6,0.43,8,0,High School,0,1
58,27239,490,62913,6,0.55,5,1,Master,2,0
42,26710,721,7637,5,0.38,11,9,High School,0,0
35,41384,419,77778,2,0.36,2,1,High School,0,0
52,41038,519,47025,29,0.58,6,2,Bachelor,1,0
39,60846,352,87464,12,0.4,14,5,PhD,3,0
28,107983,750,33742,6,0.19,12,7,High School,0,1
31,87821,711,16831,4,0.21,1,0,PhD,3,1
28,57991,536,90092,22,0.44,5,8,High School,0,0
54,99057,705,95879,17,0.45,14,0,High School,0,0
44,133193,721,93370,21,0.22,6,9,PhD,3,0
42,26971,546,51762,29,0.24,7,1,Bachelor,1,0
40,49139,371,93741,7,0.6,14,2,High School,0,0
40,105445,484,23830,16,0.11,2,6,PhD,3,0
57,97067,305,60044,19,0.27,1,8,High School,0,0
50,100257,505,78948,26,0.08,6,2,Master,2,0
39,104742,843,74202,0,0.5,3,7,Master,2,0
23,57711,686,42045,13,0.1,5,8,Master,2,0
22,26530,375,91322,16,0.42,12,9,Master,2,0
26,31116,476,76051,9,0.08,11,6,Bachelor,1,0
41,85794,648,31627,11,0.42,13,3,Master,2,0
32,20282,554,20198,15,0.51,2,3,PhD,3,0
63,99473,607,74521,13,0.27,1,3,High School,0,0
23,21898,644,34475,29,0.34,1,5,PhD,3,0
24,24135,426,24403,26,0.27,13,3,Master,2,0
44,26629,586,8681,15,0.22,11,4,Bachelor,1,0
33,129472,786,96555,7,0.49,4,8,Master,2,1
41,145147,682,98122,22,0.2,10,6,Master,2,1
26,105120,705,47292,27,0.45,13,7,Bachelor,1,1
58,139798,687,10629,9,0.16,2,4,Bachelor,1,0
59,109087,824,98246,28,0.19,1,4,Bachelor,1,1
51,85031,575,82814,16,0.24,6,6,Bachelor,1,0
30,53380,799,13417,26,0.37,14,7,Bachelor,1,0
55,149951,636,39765,29,0.3,4,8,Bachelor,1,1
56,132507,780,79499,28,0.46,10,1,High School,0,1
43,37071,572,61574,17,0.17,13,2,Master,2,0
45,40074,357,95545,19,0.06,12,1,Master,2,0
38,110724,627,32675,15,0.48,7,9,Bachelor,1,0
31,87843,408,77267,16,0.5,11,6,PhD,3,0
51,59901,578,45563,15,0.08,6,1,Bachelor,1,0
44,31205,627,16332,18,0.39,5,1,High School,0,0
53,75661,614,24177,23,0.26,10,1,PhD,3,0
38,144661,773,94254,23,0.49,12,3,High School,0,1
38,25906,410,73447,7,0.53,13,0,PhD,3,0
35,22591,528,62104,5,0.52,12,1,PhD,3,0
30,145576,796,89335,5,0.48,12,2,Bachelor,1,1
61,82987,455,85730,20,0.2,12,6,High School,0,0
23,83370,772,9951,28,0.5,2,9,PhD,3,0
46,100685,571,33333,8,0.34,5,0,High School,0,0
60,130454,301,26673,3,0.08,9,5,Bachelor,1,0
30,125487,810,45870,25,0.3,9,2,Bachelor,1,1
43,74400,585,76101,11,0.57,2,2,Bachelor,1,0
64,45150,312,27821,27,0.54,7,3,Bachelor,1,0
25,51852,797,30494,11,0.11,10,3,Master,2,0
47,62870,537,79160,22,0.46,14,6,PhD,3,0
50,139796,393,5835,16,0.49,4,2,Master,2,0
55,72756,637,23646,14,0.2,13,7,Bachelor,1,0
44,135357,470,82360,8,0.31,13,7,PhD,3,0
58,139052,766,42335,6,0.44,3,6,PhD,3,0
32,76481,442,74351,9,0.29,11,1,High School,0,0
27,21283,500,7429,15,0.11,1,4,Bachelor,1,0
39,53691,479,46950,11,0.44,3,5,Master,2,0
42,21125,663,65654,24,0.55,11,9,High School,0,0
63,87065,778,73143,6,0.41,9,3,PhD,3,0
57,148734,770,96186,17,0.48,14,9,Master,2,0
62,46170,683,82527,14,0.25,9,4,Bachelor,1,0
59,28438,716,91704,5,0.15,7,8,Master,2,0
55,40095,607,36099,25,0.4,3,6,Master,2,0
38,36154,666,44385,11,0.23,13,1,Master,2,0
58,28004,300,40919,10,0.52,3,0,High School,0,0
46,29752,343,65782,19,0.12,4,1,PhD,3,0
59,75426,397,76116,2,0.29,7,2,Master,2,0
33,128896,564,77590,1,0.27,7,1,PhD,3,0
44,46819,439,94626,5,0.57,12,2,High School,0,0
63,122168,780,45387,23,0.13,12,9,Bachelor,1,1
43,112051,536,20823,21,0.06,14,8,Bachelor,1,0
42,147905,371,51015,24,0.18,2,3,Master,2,0
48,44217,489,20339,29,0.5,12,8,High School,0,0
52,145949,567,8491,4,0.17,5,2,Bachelor,1,0
27,108708,620,5706,17,0.18,7,0,High School,0,0
48,52994,406,20728,15,0.12,7,4,High School,0,0
61,35036,531,11997,7,0.44,6,9,Master,2,0
55,97275,341,65408,24,0.09,10,9,Master,2,0
33,117756,438,63097,29,0.23,10,1,High School,0,0
28,69416,572,43523,25,0.21,12,3,High School,0,0
31,29587,780,30163,19,0.36,8,1,Master,2,0
38,130053,715,22718,21,0.45,3,1,High School,0,1
47,115665,805,92508,10,0.34,1,2,Master,2,1
42,20645,723,88767,9,0.56,3,4,PhD,3,0
49,50930,706,44619,23,0.57,11,3,High School,0,0
23,101835,689,17126,24,0.25,2,1,Master,2,1
64,142232,641,94131,11,0.48,2,9,High School,0,0
22,50090,792,69926,20,0.46,14,1,Master,2,1
57,107489,491,45633,27,0.54,14,5,High School,0,0
47,72142,798,82654,5,0.3,2,6,Bachelor,1,0
50,131979,532,8317,26,0.34,5,9,Bachelor,1,0
42,46475,526,49980,19,0.28,13,5,High School,0,0
32,38888,670,49115,4,0.52,1,6,Bachelor,1,0
61,63732,438,66646,22,0.18,10,0,High School,0,0
32,101623,448,48158,8,0.18,4,5,High School,0,0
57,66305,414,60963,25,0.25,14,2,PhD,3,0
60,66037,749,52631,26,0.18,10,0,PhD,3,1
61,29346,362,54316,28,0.36,5,7,Bachelor,1,0
56,20587,403,64342,15,0.12,2,3,PhD,3,0
55,32763,572,20504,21,0.23,5,9,PhD,3,0
45,79165,305,73593,13,0.55,10,7,High School,0,0
43,127481,446,31660,21,0.28,4,9,Master,2,0
26,89615,483,42196,7,0.46,8,3,High School,0,0
54,56116,327,70938,26,0.11,1,3,PhD,3,0
57,140987,849,13605,19,0.19,12,9,High School,0,1
41,105751,418,62388,18,0.49,5,3,Bachelor,1,0
40,111353,592,86297,13,0.47,14,5,Master,2,0
56,110301,670,60501,6,0.26,14,8,PhD,3,0
64,115648,543,58309,4,0.57,11,4,PhD,3,0
38,45556,517,32043,17,0.55,12,9,High School,0,0
64,79042,476,38635,1,0.58,10,7,High School,0,0
55,38099,598,84315,10,0.29,1,7,High School,0,0
30,129089,357,85691,21,0.16,10,3,High School,0,0
47,65096,568,38132,7,0.39,10,9,PhD,3,0
23,91986,607,94387,0,0.43,4,8,High School,0,0
30,33230,587,20366,26,0.12,8,8,PhD,3,0
30,49009,404,98944,21,0.48,1,4,High School,0,0
61,90969,527,77107,11,0.06,11,5,Master,2,0
38,53866,546,67580,1,0.32,2,4,Master,2,0
22,125400,793,62889,17,0.23,1,2,High School,0,1
46,104246,382,84553,6,0.46,11,7,High School,0,0
64,96975,485,44236,25,0.22,7,8,Bachelor,1,0
61,61855,551,9150,16,0.5,2,3,Master,2,0
63,101557,654,24423,21,0.38,1,8,PhD,3,0
46,26416,509,9137,29,0.49,12,8,Master,2,0
60,92516,746,34992,22,0.59,6,6,PhD,3,0
56,75915,759,99438,13,0.42,6,7,High School,0,0
24,38058,771,49921,23,0.59,10,2,Master,2,0
58,96637,669,84369,6,0.07,2,4,Master,2,0
51,60718,791,71917,21,0.24,1,2,Bachelor,1,1
59,52602,436,78690,24,0.11,14,6,Bachelor,1,0
55,94658,666,39235,28,0.19,10,5,Master,2,0
33,98112,483,83975,2,0.51,3,2,Master,2,0
40,78067,586,24122,26,0.07,10,8,Master,2,0
58,47516,771,28956,5,0.34,14,0,PhD,3,0
38,149295,674,68879,19,0.36,5,9,High School,0,0
31,107969,836,63560,1,0.36,6,2,Bachelor,1,1
33,21089,810,87800,16,0.31,3,9,High School,0,0
37,57346,549,73685,11,0.48,9,6,Bachelor,1,0
45,94663,809,29660,11,0.12,11,2,Bachelor,1,1
40,30487,372,91064,29,0.22,5,2,Bachelor,1,0
29,20155,581,6168,16,0.39,13,1,Master,2,0
52,143950,659,50124,26,0.43,2,8,Bachelor,1,0
42,87494,309,40897,9,0.27,10,3,High School,0,0
38,96229,510,20032,2,0.53,6,9,Bachelor,1,0
44,124648,451,57797,19,0.28,12,5,High School,0,0
58,58547,304,40294,17,0.27,8,1,Bachelor,1,0
37,48795,494,48827,12,0.07,11,8,Bachelor,1,0
27,75296,582,8516,11,0.35,6,6,Master,2,0
29,41447,763,24751,26,0.44,4,9,High School,0,0
46,56598,412,35373,26,0.11,6,4,Bachelor,1,0
39,61814,570,35270,29,0.22,8,6,Bachelor,1,0
46,110751,462,15386,26,0.48,8,3,High School,0,0
33,145118,759,69817,16,0.25,13,9,Bachelor,1,1
36,95330,404,70184,3,0.18,10,6,PhD,3,0
47,141347,581,84693,22,0.42,2,1,Master,2,0
62,118745,461,42879,9,0.16,8,6,High School,0,0
47,107960,650,54597,10,0.54,6,3,Master,2,0
53,83278,733,44132,5,0.11,2,3,PhD,3,0
31,75077,439,8626,5,0.44,1,0,PhD,3,0
37,132782,770,90936,26,0.32,6,2,PhD,3,1
28,142046,431,86515,8,0.53,13,4,High School,0,0
38,122932,386,82065,29,0.12,7,4,PhD,3,0
44,91906,482,60390,14,0.42,14,1,High School,0,0
47,29528,667,21645,1,0.36,14,3,High School,0,0
42,113812,428,96960,3,0.31,10,0,Bachelor,1,0
43,70100,545,59144,4,0.32,5,8,High School,0,0
28,129869,677,18382,16,0.45,14,0,PhD,3,0
35,28179,448,9025,7,0.57,10,5,High School,0,0
36,68781,732,48226,7,0.1,8,6,High School,0,0
28,75267,768,84380,21,0.06,11,2,Master,2,0
30,102379,745,74711,11,0.49,13,0,PhD,3,0
29,43952,780,79710,20,0.11,12,6,High School,0,0
44,73798,593,8443,7,0.59,9,2,Bachelor,1,0
50,118696,442,26395,18,0.39,4,9,High School,0,0
39,130434,549,15725,2,0.41,7,5,High School,0,0
52,70939,601,38461,17,0.16,8,5,Master,2,0
51,49516,324,46115,20,0.18,13,3,PhD,3,0
60,76526,369,88732,18,0.41,6,5,PhD,3,0
56,30449,411,84790,18,0.55,2,9,Bachelor,1,0
39,70290,663,84557,14,0.59,7,3,Bachelor,1,0
63,146688,602,76260,5,0.16,13,7,Bachelor,1,0
60,106661,770,33690,15,0.12,9,8,High School,0,1
38,92954,390,6407,7,0.08,5,1,High School,0,0
35,42746,829,78568,15,0.53,2,6,Bachelor,1,0
52,87990,491,63560,17,0.21,4,8,PhD,3,0
45,78810,541,52340,19,0.05,3,8,PhD,3,0
56,138362,437,22794,15,0.17,4,4,Bachelor,1,0
55,103297,644,24881,10,0.24,10,0,Master,2,1
24,35223,479,91292,6,0.6,7,5,PhD,3,0
58,92237,802,99952,16,0.34,10,7,PhD,3,0
64,22597,502,54703,16,0.16,8,0,Bachelor,1,0
61,85677,491,49354,11,0.23,1,1,PhD,3,0
47,22659,304,96288,12,0.23,13,0,High School,0,0
44,106516,536,83462,9,0.06,8,4,High School,0,0
60,94567,610,19390,6,0.12,5,1,PhD,3,0
36,35037,848,92475,13,0.43,12,9,High School,0,0
25,146498,355,32307,22,0.12,7,9,Master,2,0
50,66738,742,99049,0,0.18,11,3,PhD,3,0
43,123965,536,29502,16,0.24,11,0,Bachelor,1,0
46,91678,496,27486,3,0.47,1,6,High School,0,0
34,32109,813,43258,20,0.37,2,7,Master,2,0
39,42010,748,62716,4,0.43,1,4,Master,2,0
54,28787,659,86494,19,0.36,5,1,High School,0,0
37,128400,329,87768,23,0.43,14,7,Master,2,0
63,28472,407,15748,22,0.05,14,0,PhD,3,0
23,135111,744,67785,24,0.56,6,6,Master,2,1
56,43383,737,81050,6,0.11,10,0,High School,0,0
63,81709,756,27738,9,0.27,9,5,Master,2,0
55,89785,794,79231,16,0.47,8,5,High School,0,1
51,133253,546,78606,28,0.29,7,4,High School,0,0
34,54518,842,98301,29,0.57,12,1,Master,2,1
34,73909,738,46662,6,0.31,5,1,High School,0,0
39,38351,577,87234,0,0.53,14,8,High School,0,0
53,89624,410,20123,6,0.5,3,4,Bachelor,1,0
53,73330,684,30616,25,0.59,9,4,PhD,3,0
56,142477,490,16182,23,0.56,13,6,High School,0,0
60,35282,789,95369,10,0.54,5,5,PhD,3,0
50,104866,725,67013,8,0.45,3,1,Bachelor,1,0
50,127945,704,36331,11,0.25,3,0,Bachelor,1,1
37,41778,634,51098,2,0.11,3,4,Bachelor,1,0
31,44264,508,31128,3,0.43,14,3,Bachelor,1,0
51,79675,321,36556,3,0.59,6,2,PhD,3,0
46,25075,507,92505,27,0.45,1,1,Master,2,0
60,95948,307,26876,24,0.56,11,9,Master,2,0
41,68454,828,13949,12,0.49,4,1,PhD,3,0
26,48365,465,56962,22,0.14,13,3,High School,0,0
22,92766,795,95054,18,0.19,8,1,PhD,3,1
51,68200,728,76206,9,0.24,3,3,High School,0,0
24,31002,462,29099,4,0.14,5,2,High School,0,0
35,33947,665,17716,6,0.37,2,8,Master,2,0
51,99222,825,57611,23,0.59,2,6,Bachelor,1,0
25,114840,538,43885,15,0.47,11,2,Master,2,0
39,136219,371,58144,0,0.28,13,7,Master,2,0
58,98610,744,70220,11,0.05,7,8,PhD,3,1
46,72142,808,12837,1,0.22,10,6,PhD,3,0
22,76307,568,54355,6,0.34,3,5,High School,0,0
36,24493,714,52299,10,0.23,5,3,PhD,3,0
30,144023,544,24159,28,0.11,3,4,High School,0,1
36,70085,359,56012,29,0.29,6,7,High School,0,0
45,54228,305,64305,12,0.19,13,2,Bachelor,1,0
25,99676,706,92096,1,0.55,10,1,Bachelor,1,0
33,71875,516,22106,6,0.11,3,2,Master,2,0
58,51655,325,63123,14,0.08,8,6,Bachelor,1,0
58,63472,304,13720,24,0.05,2,7,High School,0,0
64,69437,831,42661,10,0.23,3,0,PhD,3,1
27,69416,689,98898,1,0.41,8,6,Bachelor,1,0
60,79711,747,98794,6,0.45,8,8,Bachelor,1,0
45,26816,445,92318,3,0.3,1,2,Bachelor,1,0
32,97175,687,26120,10,0.43,8,2,Bachelor,1,0
34,84307,548,24790,28,0.25,10,7,High School,0,0
55,132728,825,63655,1,0.42,2,3,High School,0,1
46,66733,761,64643,28,0.07,12,7,Master,2,1
28,148202,312,98448,15,0.26,7,4,PhD,3,0
25,115028,683,52374,6,0.48,6,2,Master,2,0
29,136450,698,47907,12,0.49,2,3,Master,2,0
41,31240,318,55071,4,0.44,5,3,Bachelor,1,0
50,118234,790,39812,16,0.16,7,7,PhD,3,1
31,112493,718,54570,20,0.19,8,5,Bachelor,1,1
64,145149,636,55901,11,0.6,3,6,High School,0,0
55,118344,718,65186,27,0.11,1,8,Master,2,1
47,91363,421,55251,18,0.15,13,5,PhD,3,0
62,52762,731,70171,6,0.12,7,2,High School,0,0
24,28259,343,41160,5,0.23,13,2,Master,2,0
27,70139,616,24156,7,0.17,5,2,PhD,3,0
26,148775,680,81208,12,0.32,5,9,Master,2,0
26,34849,444,84980,4,0.31,7,1,PhD,3,0
44,101768,626,77320,1,0.55,1,0,Master,2,0
30,126108,662,22929,8,0.07,8,9,Bachelor,1,0
56,109709,349,71606,29,0.23,12,0,Master,2,0
41,74869,364,93442,10,0.38,14,3,Master,2,0
63,146888,654,67559,23,0.38,10,2,PhD,3,1
56,83095,463,59205,5,0.31,5,4,PhD,3,0
39,137886,440,73475,28,0.5,8,8,Bachelor,1,1
38,90910,427,69341,25,0.08,10,7,PhD,3,0
45,106710,697,47863,6,0.5,10,8,Master,2,0
24,43567,762,86837,24,0.32,5,4,PhD,3,0
53,55292,486,70439,6,0.12,12,7,PhD,3,0
56,94813,489,12194,18,0.54,7,3,PhD,3,0
59,117136,687,76387,5,0.41,10,4,Bachelor,1,0
34,71631,728,86914,10,0.14,3,2,Bachelor,1,0
46,29885,583,71214,28,0.07,2,4,High School,0,0
30,79659,536,34777,10,0.13,6,2,Bachelor,1,0
25,74306,493,31183,6,0.38,5,4,Bachelor,1,0
35,86314,586,32445,1,0.15,9,4,Bachelor,1,0
58,85087,435,72038,18,0.17,10,5,Master,2,0
55,49165,470,92201,3,0.06,4,8,High School,0,0
32,78929,458,21198,25,0.45,11,0,Master,2,0
62,87028,500,26411,5,0.5,3,9,Bachelor,1,0
24,115998,786,55577,16,0.49,9,5,Bachelor,1,1
49,69812,803,20867,24,0.12,8,0,High School,0,1
50,70500,670,67501,4,0.55,6,5,High School,0,0
30,99151,402,19266,28,0.42,1,1,PhD,3,0
24,78643,424,44422,27,0.54,14,7,Bachelor,1,0
46,64900,612,40208,29,0.3,10,2,Bachelor,1,0
55,62946,757,36213,6,0.29,13,9,Master,2,0
33,27851,529,12367,8,0.48,12,5,PhD,3,0
63,36288,496,84026,24,0.1,11,5,Bachelor,1,0
30,92692,722,40362,0,0.34,1,3,Master,2,0
36,87580,470,56588,0,0.51,12,4,High School,0,0
61,27368,681,43285,18,0.51,6,1,Master,2,0
46,105436,472,79755,5,0.58,13,9,Bachelor,1,0
26,116136,752,76846,17,0.43,3,9,Master,2,0
32,66403,649,41307,9,0.16,3,7,Master,2,0
55,111170,793,85280,27,0.06,6,9,PhD,3,1
45,29168,303,24867,10,0.31,13,6,PhD,3,0
36,106497,392,61523,0,0.33,3,9,High School,0,0
59,69879,305,89161,0,0.18,13,5,PhD,3,0
29,79871,587,11378,12,0.12,11,6,Master,2,0
26,129632,445,89685,4,0.37,10,0,PhD,3,0
47,131623,723,81958,19,0.47,6,4,Bachelor,1,0
39,109388,756,32926,0,0.6,5,6,Master,2,0
27,118646,501,18180,19,0.47,4,0,Master,2,0
58,52174,511,97837,2,0.49,8,1,Master,2,0
34,119751,305,41931,17,0.39,2,8,Bachelor,1,0
49,112491,675,29014,8,0.59,12,2,Master,2,0
26,26581,746,84872,13,0.4,14,5,PhD,3,0
34,130155,405,63502,26,0.52,11,6,Bachelor,1,0
38,91853,700,92736,16,0.57,7,8,Master,2,0
61,84046,395,10470,22,0.56,4,4,PhD,3,0
53,69678,687,19953,13,0.26,2,3,PhD,3,0
50,128392,751,43507,28,0.09,7,1,High School,0,1
24,131250,715,97969,3,0.14,13,2,PhD,3,1
61,46649,803,96493,4,0.08,1,4,PhD,3,0
55,147795,753,11523,25,0.11,4,1,High School,0,1
61,108668,590,91923,20,0.15,9,3,High School,0,0
48,102325,833,62190,16,0.24,14,0,Bachelor,1,1
34,34567,492,52761,21,0.35,4,3,PhD,3,0
54,100404,449,36169,28,0.44,12,6,Bachelor,1,0
27,109906,814,50641,24,0.17,13,2,Bachelor,1,1
45,128069,692,27990,1,0.42,3,9,Master,2,0
40,116019,615,34661,22,0.44,10,7,Bachelor,1,0
37,81944,375,18419,21,0.36,10,5,Bachelor,1,0
61,138428,569,19457,4,0.55,2,5,Bachelor,1,0
49,98002,524,72600,3,0.11,14,0,Bachelor,1,0
54,48803,829,81102,3,0.15,3,4,High School,0,0
62,38230,412,38085,5,0.29,1,2,PhD,3,0
34,37862,550,55654,19,0.12,10,9,Master,2,0
64,63355,532,11130,20,0.36,8,0,High School,0,0
46,51259,382,7042,12,0.27,1,7,Master,2,0
63,119075,424,75134,21,0.21,3,6,Master,2,0
57,107445,474,47982,4,0.14,14,6,High School,0,0
48,50795,368,70185,22,0.23,3,9,Bachelor,1,0
59,134604,346,38477,24,0.38,13,9,High School,0,0
28,28770,555,57709,25,0.37,2,9,Master,2,0
26,31093,329,33716,22,0.14,14,3,Master,2,0
64,66571,580,83137,6,0.12,5,5,Bachelor,1,0
52,20193,536,41018,19,0.06,10,8,High School,0,0
44,120311,547,13061,0,0.06,3,2,PhD,3,0
63,37569,667,13609,13,0.53,3,8,Master,2,0
31,137082,794,40371,23,0.07,8,3,High School,0,1
53,31190,324,88021,3,0.45,4,4,Bachelor,1,0
64,82824,789,25805,16,0.53,4,6,Bachelor,1,0
51,62752,793,12857,20,0.1,3,5,PhD,3,1
60,52327,613,16620,13,0.29,11,9,Master,2,0
52,62070,674,13177,15,0.58,1,7,PhD,3,0
39,105925,324,35111,13,0.51,8,7,PhD,3,0
57,60197,633,93578,15,0.32,1,7,PhD,3,0
23,22261,654,89181,23,0.47,7,2,PhD,3,0
35,138424,415,94941,19,0.51,5,9,Bachelor,1,0
34,113905,347,16826,28,0.24,4,5,Master,2,0
50,46512,398,18890,27,0.54,4,6,PhD,3,0
33,26716,758,87428,7,0.31,8,8,Master,2,0
60,106795,822,63031,23,0.34,11,9,Bachelor,1,1
23,48933,704,80020,2,0.6,11,9,Bachelor,1,0
53,127225,513,10495,24,0.51,13,3,High School,0,1
34,24378,802,33481,18,0.25,14,4,High School,0,0
48,60583,747,16267,0,0.06,6,7,Master,2,0
62,132082,557,11743,1,0.39,14,0,High School,0,0
38,105371,420,59800,14,0.44,12,5,PhD,3,0
61,49033,353,53773,21,0.41,1,3,Master,2,0
52,44000,630,62042,27,0.58,14,4,Bachelor,1,0
55,131032,540,54476,9,0.52,10,4,Bachelor,1,0
45,95868,829,97105,17,0.3,8,1,PhD,3,1
56,62604,782,33552,21,0.08,13,7,High School,0,0
27,88336,486,70242,13,0.31,14,1,Master,2,0
40,115074,561,50772,16,0.43,2,3,Master,2,0
51,115655,663,48730,26,0.38,6,4,PhD,3,0
28,93869,790,33948,12,0.35,9,0,High School,0,1
31,25410,730,81311,0,0.31,1,5,Master,2,0
62,103375,538,74093,4,0.21,6,1,PhD,3,0
53,76044,603,74123,25,0.2,8,4,Master,2,0
55,83315,597,21535,12,0.33,10,5,Bachelor,1,0
49,116055,375,71490,26,0.14,13,7,Master,2,0
36,91344,632,51562,24,0.24,2,8,Master,2,0
51,26796,773,94080,13,0.23,5,5,Master,2,0
58,106716,582,63535,23,0.37,6,4,High School,0,0
50,74245,371,46269,2,0.09,5,3,High School,0,0
43,63056,562,85674,14,0.51,3,1,PhD,3,0
25,37709,311,47462,18,0.36,4,1,High School,0,0
41,139664,440,8127,16,0.42,7,6,Master,2,0
53,78557,316,28147,29,0.44,4,4,Master,2,0
57,37543,362,50528,2,0.21,9,6,High School,0,0
25,57418,552,82095,15,0.31,11,0,High School,0,0
48,114611,764,73931,13,0.58,12,0,Master,2,1
38,123291,675,95925,11,0.47,14,4,Master,2,0
33,133504,819,71381,27,0.58,13,1,Bachelor,1,1
43,123001,389,68749,11,0.46,13,7,PhD,3,0
38,116038,474,43672,28,0.15,10,2,High School,0,0
31,36724,375,18731,10,0.09,2,0,PhD,3,0
22,23828,699,59512,16,0.37,5,1,Master,2,0
43,136656,370,56024,7,0.25,8,9,PhD,3,0
47,37087,479,8832,16,0.2,14,9,High School,0,0
39,32605,423,37332,20,0.49,5,6,High School,0,0
35,51337,680,17467,24,0.25,10,5,PhD,3,0
50,25482,592,46025,22,0.22,12,7,High School,0,0
33,85333,494,18107,19,0.52,8,6,Bachelor,1,0
57,112541,527,82994,10,0.52,8,9,Master,2,0
56,108296,730,99202,24,0.25,9,7,Master,2,1
33,70952,735,48481,24,0.51,10,2,High School,0,1
28,25463,760,7581,1,0.52,6,5,Master,2,0
50,132164,320,80118,9,0.28,12,6,Bachelor,1,0
32,90448,363,56638,9,0.09,4,9,High School,0,0
54,24648,464,13418,10,0.05,12,0,Bachelor,1,0
27,53623,326,98627,27,0.34,11,0,Bachelor,1,0
36,79156,610,34113,5,0.24,3,6,Master,2,0
53,55634,584,89363,3,0.6,12,2,Master,2,0
32,64602,580,68044,23,0.47,14,2,PhD,3,0
44,134598,463,84955,11,0.47,5,4,Bachelor,1,0
47,69334,523,66030,10,0.58,6,5,Master,2,0
55,88648,445,16814,22,0.54,3,1,Bachelor,1,0
55,42054,329,15024,22,0.23,2,2,PhD,3,0
50,90028,344,68288,26,0.14,7,5,Bachelor,1,0
25,42207,770,62836,25,0.46,11,2,High School,0,0
38,100650,333,12435,24,0.26,5,4,PhD,3,0
56,119821,726,72084,12,0.31,9,8,PhD,3,0
34,101554,520,75601,4,0.4,3,2,Bachelor,1,0
62,41386,833,93416,5,0.55,14,5,Bachelor,1,0
60,103276,666,8407,0,0.28,8,4,Master,2,0
36,79518,849,37940,5,0.48,6,4,High School,0,0
50,72781,415,10666,17,0.2,4,5,PhD,3,0
50,72780,538,42122,21,0.43,12,5,PhD,3,0
32,81440,634,30092,8,0.05,12,0,PhD,3,0
53,64199,740,80645,23,0.53,9,8,Master,2,0
23,81035,447,31505,24,0.07,5,4,High School,0,0
35,28210,308,41713,28,0.44,10,0,PhD,3,0
41,64363,587,59387,14,0.08,6,7,PhD,3,0
43,131175,687,48169,25,0.2,14,6,Master,2,1
32,98279,349,78282,7,0.32,13,6,Bachelor,1,0
48,80348,816,82511,18,0.28,9,4,PhD,3,0
24,75284,577,56742,23,0.16,7,0,High School,0,0
38,127628,599,45522,15,0.23,12,8,High School,0,0
49,129835,434,86132,5,0.45,5,8,High School,0,0
50,92124,446,8880,28,0.42,2,7,High School,0,0
42,88847,789,48454,5,0.09,4,4,Master,2,1
37,42432,777,60711,21,0.46,2,2,PhD,3,0
58,146252,458,48539,2,0.08,3,7,Master,2,0
41,84089,683,73321,9,0.35,10,0,High School,0,0
27,75398,462,92985,0,0.19,12,2,High School,0,0
40,119291,740,19799,27,0.37,3,6,High School,0,1
26,23321,488,65102,13,0.19,4,3,Master,2,0
24,101348,714,55726,3,0.59,6,6,High School,0,0
22,57383,638,53784,25,0.22,12,4,PhD,3,0
59,133816,480,48333,11,0.18,3,5,High School,0,0
36,98682,587,45828,5,0.2,10,6,PhD,3,0
55,143053,486,74526,10,0.54,14,9,PhD,3,0
56,99190,437,59362,11,0.4,1,6,High School,0,0
46,72893,429,58997,9,0.45,1,6,Master,2,0
45,55820,493,55341,17,0.55,9,6,Bachelor,1,0
33,141262,615,24073,6,0.55,9,6,Bachelor,1,0
39,86262,443,19549,6,0.46,5,2,PhD,3,0
36,23760,315,88795,10,0.16,9,2,Master,2,0
37,42190,601,61920,3,0.51,11,6,Bachelor,1,0
48,87411,722,90326,19,0.16,7,1,High School,0,1
29,43377,544,80515,0,0.46,9,1,High School,0,0
46,66737,406,25316,12,0.43,12,2,PhD,3,0
38,89569,387,31183,17,0.47,7,3,Master,2,0
50,58211,428,98860,8,0.34,9,5,Master,2,0
29,102909,640,29624,25,0.4,2,7,Bachelor,1,0
36,23744,303,67515,23,0.57,11,9,Bachelor,1,0
48,145566,626,90781,23,0.11,11,9,High School,0,0
28,44995,709,51705,8,0.22,8,6,PhD,3,0
24,36977,605,94326,22,0.39,7,3,Master,2,0
50,149508,524,31756,28,0.58,6,1,Bachelor,1,0
45,117938,647,65390,8,0.1,5,1,Bachelor,1,1
24,54542,620,73369,9,0.06,4,3,PhD,3,0
41,30651,480,75821,27,0.08,7,5,PhD,3,0
36,119239,685,14589,1,0.08,3,2,High School,0,0
46,98931,407,19116,5,0.55,8,5,PhD,3,0
51,115344,830,78181,14,0.45,2,4,High School,0,1
35,122112,709,49786,2,0.42,1,4,High School,0,0
28,36715,595,99686,10,0.34,11,1,PhD,3,0
38,64409,470,81425,5,0.48,2,7,PhD,3,0
41,44306,630,35286,2,0.14,9,4,PhD,3,0
57,39086,792,20994,23,0.27,5,1,PhD,3,1
30,34376,494,95198,10,0.32,11,6,PhD,3,0
59,81350,311,31639,14,0.11,8,8,High School,0,0
43,91425,494,22205,12,0.28,3,8,Bachelor,1,0
23,123358,789,61677,19,0.22,7,0,Master,2,1
45,56636,481,37930,27,0.07,2,6,Master,2,0
29,106120,615,78313,9,0.13,8,8,High School,0,0
32,134889,329,98851,5,0.47,14,5,High School,0,0
34,71649,395,97509,14,0.06,7,0,Bachelor,1,0
38,54610,680,23316,24,0.56,12,1,PhD,3,0
29,30058,743,32304,17,0.1,5,3,High School,0,0
42,144876,597,92876,17,0.49,12,3,Master,2,0
39,148265,660,90366,6,0.54,11,1,PhD,3,0
51,94637,673,18403,14,0.57,4,7,High School,0,0
39,98033,602,85052,17,0.53,1,1,PhD,3,0
52,90194,720,89627,17,0.21,5,2,Master,2,1
59,96917,545,78495,19,0.23,12,3,PhD,3,0
53,84200,536,36932,8,0.28,9,8,High School,0,0
32,125848,833,41701,23,0.13,10,9,High School,0,1
46,126022,484,8385,1,0.06,4,0,Master,2,0
54,66619,767,62241,7,0.53,13,7,Bachelor,1,0
59,37154,662,15367,19,0.35,9,4,Bachelor,1,0
62,39539,582,70030,1,0.38,12,6,PhD,3,0
29,145381,635,51505,10,0.56,2,7,High School,0,0
32,80058,461,38332,25,0.42,4,4,High School,0,0
43,82068,459,90178,6,0.43,9,7,Master,2,0
45,97313,773,81325,5,0.48,4,9,Master,2,0
62,119932,621,40268,29,0.11,5,7,High School,0,0
38,50373,311,91486,9,0.25,11,8,Master,2,0
33,53154,723,30563,4,0.58,8,1,Bachelor,1,0
53,26031,372,41404,10,0.56,1,2,Bachelor,1,0
36,113533,500,60182,0,0.54,1,0,PhD,3,0
37,91975,821,37991,1,0.3,9,3,Master,2,0
43,42785,804,52663,23,0.52,9,4,PhD,3,0
49,98928,338,70886,0,0.08,4,0,Master,2,0
41,138696,359,88848,18,0.13,13,7,Master,2,0
54,48669,620,29127,1,0.28,2,1,Bachelor,1,0
31,114475,734,62692,20,0.32,13,0,High School,0,1
61,137154,707,99389,19,0.19,9,1,Master,2,1
53,22282,685,42500,28,0.25,14,4,Master,2,0
54,54624,377,38785,22,0.14,4,8,Master,2,0
23,68438,493,89146,20,0.32,6,8,High School,0,0
54,109900,584,94126,23,0.49,12,1,PhD,3,0
54,87534,826,99979,3,0.41,1,1,PhD,3,0
62,51705,823,52997,11,0.11,12,2,Master,2,0
34,58244,455,12170,21,0.32,9,6,Master,2,0
51,94964,639,18303,19,0.43,5,2,PhD,3,0
54,57437,424,76743,17,0.34,3,0,PhD,3,0
34,97872,579,82852,0,0.27,4,5,Bachelor,1,0
47,94878,427,40187,29,0.39,1,2,Master,2,0
43,139006,613,70034,29,0.58,14,0,PhD,3,1
60,125368,631,76776,0,0.1,9,3,Bachelor,1,0
23,92982,449,6893,23,0.26,14,0,High School,0,0
59,70583,753,18753,13,0.27,8,0,Master,2,0
60,58392,335,43090,3,0.37,4,1,PhD,3,0
47,27461,719,69922,4,0.13,2,9,Master,2,0
36,120123,321,81768,10,0.15,14,7,Bachelor,1,0
55,30516,505,64412,23,0.21,9,1,PhD,3,0
63,99285,655,61030,27,0.58,4,1,High School,0,0
61,37514,739,22509,22,0.45,9,9,High School,0,0
32,148657,395,73653,12,0.41,10,9,Bachelor,1,0
24,141251,463,41929,15,0.5,3,7,High School,0,0
27,120962,447,53291,23,0.12,7,5,High School,0,0
30,56268,829,9042,12,0.52,7,3,High School,0,0
27,110486,593,67574,23,0.38,10,2,High School,0,0
30,120424,494,42201,21,0.23,13,0,High School,0,0
60,56788,779,97282,25,0.5,4,2,High School,0,1
52,95749,422,19016,1,0.49,2,8,High School,0,0
53,81049,699,30022,15,0.52,11,4,PhD,3,0
62,82493,751,32938,5,0.11,9,5,High School,0,0
33,56027,403,48678,13,0.58,4,4,PhD,3,0
29,113547,761,66720,0,0.58,8,0,Master,2,0
29,62849,695,61805,16,0.25,14,9,Bachelor,1,0
49,120127,636,79323,10,0.09,2,0,High School,0,1
41,37858,441,6986,18,0.14,8,3,Bachelor,1,0
28,104162,616,81478,2,0.6,11,2,High School,0,0
32,99003,826,87994,10,0.36,10,7,PhD,3,0
41,72395,700,17161,28,0.25,5,6,High School,0,0
37,59758,609,25689,4,0.21,7,6,Master,2,0
25,74312,794,99699,16,0.19,7,7,Bachelor,1,0
27,88670,408,65924,25,0.42,12,9,Bachelor,1,0
43,136758,671,79308,21,0.28,9,6,Master,2,0
47,102279,505,68745,6,0.58,3,9,PhD,3,0
24,35434,342,6211,9,0.43,10,1,PhD,3,0
62,84047,544,5229,27,0.49,4,3,Master,2,0
63,67775,586,53542,28,0.21,10,5,Bachelor,1,0
35,95769,654,19345,10,0.09,4,2,High School,0,1
32,134682,775,36819,2,0.32,13,2,PhD,3,1
39,86677,382,52779,19,0.22,10,5,High School,0,0
33,103555,409,87421,9,0.16,5,0,Bachelor,1,0
44,148379,489,97244,26,0.57,14,0,High School,0,0
33,105920,550,70584,9,0.29,6,4,Master,2,0
34,128439,590,24950,13,0.15,3,0,PhD,3,0
46,65734,500,20173,11,0.16,13,9,PhD,3,0
40,121665,625,63032,14,0.2,4,7,Master,2,0
57,108503,810,33036,9,0.6,3,1,Master,2,0
29,60603,708,76356,29,0.2,2,5,PhD,3,1
50,96708,807,19292,9,0.23,10,9,PhD,3,0
53,101926,371,8052,25,0.41,12,9,PhD,3,0
39,88803,546,49377,18,0.21,9,4,Bachelor,1,0
27,59332,643,94317,0,0.17,1,9,Bachelor,1,0
39,111703,353,72838,23,0.14,2,3,Bachelor,1,0
40,41312,827,72819,28,0.22,8,0,High School,0,1
43,113376,831,20620,25,0.11,7,2,Bachelor,1,1
58,104526,492,35461,9,0.06,12,3,PhD,3,0
53,64179,357,25750,1,0.49,1,1,Bachelor,1,0
62,91442,736,93719,16,0.13,5,1,PhD,3,1
24,134332,410,14472,29,0.48,10,1,Master,2,0
49,137961,428,74263,23,0.49,6,0,High School,0,0
31,60379,625,62602,6,0.35,5,9,High School,0,0
56,37297,307,30523,6,0.22,4,1,Master,2,0
50,22011,328,35766,19,0.13,14,5,PhD,3,0
36,136130,411,71060,26,0.46,13,2,High School,0,0
54,140234,430,14079,8,0.38,1,9,Bachelor,1,0
28,64014,487,13399,21,0.41,7,4,PhD,3,0
33,132094,774,65726,1,0.05,9,0,High School,0,1
51,31738,663,97906,13,0.56,6,7,Master,2,0
42,114333,503,21532,16,0.09,3,3,PhD,3,0
52,67498,511,87357,0,0.25,10,8,High School,0,0
45,147792,575,48162,8,0.27,14,3,Master,2,0
41,31120,372,8749,19,0.05,4,1,PhD,3,0
58,136517,542,16353,20,0.32,10,2,Bachelor,1,1
25,28767,401,33477,18,0.46,5,4,PhD,3,0
49,42852,470,29570,3,0.5,12,9,Bachelor,1,0
41,99239,487,91373,27,0.53,12,5,PhD,3,0
45,20929,740,16437,7,0.32,1,6,Master,2,0
53,97487,385,43104,12,0.4,5,3,Bachelor,1,0
62,138387,775,68370,3,0.09,1,6,Bachelor,1,0
57,111575,351,9551,8,0.32,9,9,PhD,3,0
55,146155,410,73359,8,0.14,7,2,High School,0,0
57,134149,342,59880,21,0.25,3,6,Bachelor,1,0
23,115040,510,17916,17,0.23,9,3,PhD,3,0
36,37438,499,85703,11,0.28,2,7,Master,2,0
55,68515,325,46445,9,0.36,12,8,PhD,3,0
57,25744,598,52636,10,0.55,7,6,PhD,3,0
27,103820,376,78927,6,0.27,9,7,Bachelor,1,0
60,62417,436,83194,8,0.59,6,7,High School,0,0
63,125284,319,34685,5,0.47,10,1,Master,2,0
33,27069,739,56134,18,0.33,5,8,Bachelor,1,0
24,62359,510,93916,15,0.4,12,5,Bachelor,1,0
39,39799,734,99455,29,0.11,7,3,Bachelor,1,0
61,118746,506,72847,14,0.51,14,4,Master,2,0
42,113762,738,44993,6,0.37,6,9,High School,0,0
36,140906,341,49333,15,0.59,5,4,Master,2,0
54,90188,710,63865,4,0.4,14,6,Master,2,0
56,109859,822,84096,15,0.51,2,8,High School,0,0
47,142521,726,54756,0,0.49,8,6,Master,2,0
29,127674,574,66192,18,0.24,13,8,PhD,3,0
57,27597,747,65686,4,0.19,7,3,Master,2,0
51,67093,668,53733,6,0.29,6,9,Bachelor,1,0
44,57226,519,30993,18,0.31,5,9,Master,2,0
63,92127,531,35492,21,0.18,5,3,Bachelor,1,0
35,134650,627,25981,4,0.54,9,5,Master,2,0
35,111369,742,29143,28,0.35,1,7,Bachelor,1,1
23,97362,351,82603,16,0.59,9,8,Bachelor,1,0
58,46417,675,94452,25,0.5,6,0,Bachelor,1,0
26,38693,562,65277,21,0.36,4,0,High School,0,0
59,99674,566,54990,29,0.57,10,7,Master,2,0
62,140956,658,67888,7,0.33,14,6,Master,2,0
35,135598,616,74351,28,0.54,7,8,PhD,3,1
60,139028,623,54999,28,0.25,9,2,PhD,3,1
46,147517,720,75309,0,0.26,5,9,PhD,3,0
41,73161,345,17446,1,0.28,14,4,Master,2,0
23,141316,568,35733,29,0.35,5,2,High School,0,1
60,22169,680,81000,14,0.35,8,4,Bachelor,1,0
27,104092,417,53632,19,0.32,7,9,Master,2,0
38,42052,415,26576,27,0.22,13,0,High School,0,0
46,91849,559,8320,17,0.56,13,3,High School,0,0
49,93851,374,15750,10,0.37,8,5,Master,2,0
23,28036,779,58463,24,0.27,11,1,Bachelor,1,1
56,51778,604,31572,9,0.41,12,6,High School,0,0
58,47734,306,22948,23,0.47,10,7,Master,2,0
26,43173,665,43826,23,0.58,2,0,Bachelor,1,0
22,50403,822,94051,3,0.32,9,3,PhD,3,0
61,86321,647,32867,4,0.11,3,3,High School,0,0
33,91675,737,65231,3,0.29,6,4,High School,0,0
57,26344,514,71262,12,0.31,6,3,Master,2,0
44,38800,728,96356,24,0.54,2,8,Master,2,0
52,45372,797,77233,12,0.27,12,6,Bachelor,1,0
32,81516,839,49678,17,0.57,13,1,PhD,3,0
31,40538,666,17963,28,0.32,7,0,PhD,3,0
24,83918,612,69360,26,0.59,9,8,Master,2,0
35,34973,837,54434,23,0.05,12,0,Master,2,1
37,91155,353,71617,1,0.54,10,5,Bachelor,1,0
31,120240,840,25269,15,0.56,11,1,Master,2,1
50,79500,766,81312,0,0.58,1,3,Bachelor,1,0
31,56575,463,84732,25,0.06,8,5,Bachelor,1,0
33,125455,633,86494,18,0.14,2,4,PhD,3,0
51,62261,846,93905,8,0.41,14,5,Bachelor,1,0
62,130659,647,82225,27,0.06,1,2,PhD,3,1
22,47716,572,87867,2,0.08,8,4,PhD,3,0
26,23236,713,42528,24,0.17,2,1,PhD,3,0
41,35848,799,83972,6,0.33,6,6,Master,2,0
29,22352,392,70602,28,0.35,6,2,PhD,3,0
64,21932,378,95748,9,0.07,5,0,Bachelor,1,0
33,96449,516,38332,0,0.14,8,7,Master,2,0
22,28556,657,95937,9,0.32,3,7,Bachelor,1,0
41,106836,806,83929,20,0.38,13,2,Master,2,1
49,25498,480,74206,8,0.13,10,6,Bachelor,1,0
64,96118,545,96137,27,0.27,4,8,High School,0,0
58,70098,543,7251,14,0.55,7,7,High School,0,0
58,84386,805,50717,14,0.6,7,2,High School,0,0
33,132169,721,32027,2,0.59,13,1,Bachelor,1,0
58,29569,619,91551,24,0.53,12,9,Master,2,0
49,136127,386,14583,4,0.27,14,6,PhD,3,0
36,146060,516,55387,8,0.43,8,6,PhD,3,0
27,76882,789,28104,25,0.28,2,8,Bachelor,1,0
41,90393,818,17224,21,0.41,11,4,Bachelor,1,1
35,20340,577,65624,8,0.22,12,3,Bachelor,1,0
23,63949,468,61058,22,0.38,2,7,Bachelor,1,0
30,102302,629,34299,6,0.34,4,3,PhD,3,0
58,82443,740,83572,23,0.06,13,3,Master,2,0
41,111668,690,90469,22,0.48,10,1,PhD,3,1
47,94027,795,82928,11,0.06,13,0,Bachelor,1,1
50,20138,680,78474,24,0.21,9,3,High School,0,0
22,20358,605,9141,26,0.05,10,6,PhD,3,0
56,139619,812,28350,8,0.26,12,8,High School,0,0
27,95250,487,80082,5,0.08,9,8,High School,0,0
58,105376,815,75871,22,0.55,13,9,Bachelor,1,1
26,119931,726,10077,1,0.28,13,0,PhD,3,1
54,50654,801,51015,8,0.3,4,4,Master,2,0
35,45879,559,76147,27,0.24,9,6,PhD,3,0
33,101532,812,64180,28,0.4,14,6,Master,2,1
63,75778,370,45857,16,0.48,3,9,Master,2,0
41,57772,777,64840,0,0.41,12,5,Bachelor,1,0
45,78478,477,64902,18,0.46,5,9,Master,2,0
64,84353,756,10577,27,0.55,10,3,PhD,3,1
55,46762,488,25002,5,0.52,9,2,PhD,3,0
46,33283,590,55711,4,0.42,6,8,High School,0,0
50,83922,819,44451,1,0.17,3,9,Master,2,0
60,59420,591,54103,8,0.4,10,3,Bachelor,1,0
52,75568,582,33647,29,0.33,9,7,Bachelor,1,0
64,105090,843,39831,28,0.44,6,0,PhD,3,1
44,40219,676,71830,25,0.51,4,6,Master,2,0
59,77169,455,85632,13,0.46,14,5,Bachelor,1,0
41,120455,807,41833,3,0.52,4,0,Master,2,1
44,94965,712,97864,3,0.09,8,3,Master,2,1
37,66840,827,29398,20,0.07,7,4,High School,0,1
63,64695,654,66554,14,0.19,1,7,Bachelor,1,0
29,125209,486,55755,7,0.55,6,3,High School,0,0
42,104754,330,22706,25,0.5,8,2,Bachelor,1,0
22,97988,559,27340,3,0.43,3,1,Master,2,0
29,78342,720,69994,15,0.44,14,3,Bachelor,1,0
50,134516,828,68884,20,0.45,9,9,PhD,3,1
53,38951,603,89361,27,0.57,10,3,Master,2,0
59,21307,338,22482,3,0.51,2,9,Bachelor,1,0
26,100388,788,59225,29,0.39,14,4,High School,0,1
43,110768,841,63849,15,0.42,6,6,High School,0,0
55,55428,577,79854,21,0.17,12,8,Master,2,0
22,128707,502,46256,11,0.41,1,1,High School,0,0
47,112021,365,86110,15,0.28,12,4,Master,2,0
64,138418,407,19650,18,0.13,11,9,Master,2,0
31,95774,567,51118,7,0.49,2,8,Master,2,0
51,58975,521,33930,5,0.33,13,2,Bachelor,1,0
39,137850,829,90707,9,0.59,5,0,Master,2,1
38,21140,389,16801,4,0.2,1,1,High School,0,0
47,148865,554,56360,28,0.31,8,5,PhD,3,0
29,44842,754,92908,17,0.3,1,4,Bachelor,1,0
61,46421,552,21559,9,0.12,13,0,High School,0,0
33,21708,556,37334,9,0.28,9,0,Master,2,0
48,23630,682,18288,6,0.21,10,3,Master,2,0
29,39595,741,27398,17,0.14,11,3,PhD,3,0
46,96021,389,81230,0,0.21,3,5,High School,0,0
25,48308,689,17191,6,0.18,12,5,Bachelor,1,0
54,64789,343,23051,20,0.45,2,9,High School,0,0
22,75690,318,66715,0,0.07,1,5,Master,2,0
40,46086,400,15737,14,0.39,9,0,Bachelor,1,0
52,36859,656,70140,3,0.47,4,9,Master,2,0
37,27684,841,30251,27,0.31,12,8,Master,2,0
35,111088,332,55975,28,0.56,1,6,High School,0,0
26,21207,528,10147,19,0.44,1,6,PhD,3,0
62,66099,823,55508,9,0.46,7,6,Master,2,0
47,87496,454,57224,22,0.16,2,1,High School,0,0
49,86093,722,24643,8,0.48,7,1,Bachelor,1,0
23,49689,545,43967,1,0.51,12,5,PhD,3,0
27,68651,704,45733,27,0.25,7,6,Master,2,0
30,33893,840,89003,13,0.17,10,2,Master,2,1
54,117808,460,39808,15,0.26,14,3,Bachelor,1,0
62,86418,416,72288,0,0.46,9,2,High School,0,0
46,145074,570,63959,1,0.28,13,6,Master,2,0
34,123065,786,6849,6,0.46,7,6,Bachelor,1,1
30,80011,471,73178,28,0.11,13,3,Master,2,0
34,58635,573,72136,9,0.49,14,6,High School,0,0
52,76115,558,65740,21,0.19,1,4,PhD,3,0
62,115071,434,91322,19,0.19,12,0,High School,0,0
32,98405,721,49565,0,0.37,13,9,High School,0,0
25,92702,720,25183,12,0.09,8,3,High School,0,1
55,98518,485,6132,0,0.06,8,6,Bachelor,1,0
59,126233,663,43259,4,0.19,4,1,Master,2,0
25,123651,677,68668,15,0.35,13,1,PhD,3,0
59,92805,822,43563,14,0.55,8,0,Bachelor,1,1
40,78954,495,97227,16,0.52,4,1,High School,0,0
27,48064,397,15931,27,0.32,8,9,PhD,3,0
55,142813,321,78169,22,0.07,5,7,High School,0,0
39,99063,749,55639,15,0.34,4,7,High School,0,0
34,22454,471,63901,12,0.44,6,7,High School,0,0
62,40878,682,6044,10,0.24,2,0,PhD,3,0
44,71098,433,51691,16,0.11,12,0,Master,2,0
40,82154,725,29363,16,0.2,2,9,High School,0,0
32,32991,324,51694,1,0.47,2,3,Master,2,0
22,88344,802,6582,12,0.24,9,5,PhD,3,0
45,124946,484,84910,13,0.5,14,7,PhD,3,0
28,56593,384,71844,10,0.23,10,1,High School,0,0
46,56304,443,26301,27,0.14,3,2,Master,2,0
42,50386,711,79329,9,0.29,10,5,Master,2,0
36,75220,523,6620,2,0.3,4,9,High School,0,0
22,133613,519,67224,28,0.06,10,3,Bachelor,1,0
33,89338,478,61655,26,0.11,12,1,Bachelor,1,0
28,114289,732,42534,16,0.15,8,6,PhD,3,1
36,41083,564,44390,14,0.11,4,3,PhD,3,0
42,38354,728,76629,8,0.24,11,7,Bachelor,1,0
40,42190,715,60856,9,0.58,10,7,Bachelor,1,0
50,26142,752,54252,7,0.33,10,6,Bachelor,1,0
46,48398,496,60809,20,0.4,13,9,High School,0,0
54,71971,352,27259,12,0.25,7,8,High School,0,0
53,61862,779,25655,26,0.23,5,3,High School,0,1
56,118668,742,38005,17,0.06,9,6,High School,0,0
59,73410,629,36629,4,0.33,4,9,High School,0,0
47,39503,550,28610,5,0.32,3,9,High School,0,0
32,145438,422,62184,29,0.14,13,0,PhD,3,1
56,68456,686,26602,16,0.47,2,3,Master,2,0
29,120167,638,90945,10,0.32,1,1,PhD,3,0
35,102035,647,16110,19,0.24,11,8,Master,2,0
31,125388,328,11073,15,0.13,6,4,PhD,3,0
23,28016,334,85818,8,0.35,10,2,PhD,3,0
30,22384,817,15195,1,0.46,2,3,High School,0,0
24,82320,695,6537,4,0.21,8,5,High School,0,0
42,35072,593,22138,0,0.17,6,9,Master,2,0
47,122239,648,49328,3,0.34,12,0,Master,2,0
29,131431,446,51202,3,0.14,12,6,High School,0,0
23,100018,366,45164,21,0.42,5,7,PhD,3,0
27,60510,819,94743,25,0.38,13,6,Master,2,1
49,68933,421,59659,24,0.1,2,6,Bachelor,1,0
50,41826,639,91155,2,0.07,7,8,Bachelor,1,0
47,88026,474,54692,8,0.39,2,3,Bachelor,1,0
46,141668,750,29845,21,0.21,13,6,Master,2,1
33,131628,435,94846,22,0.1,14,8,High School,0,0
26,45518,315,35562,11,0.47,5,4,High School,0,0
55,44045,632,33036,9,0.22,2,1,High School,0,0
58,70876,494,65752,1,0.3,11,4,Master,2,0
36,112446,795,79233,10,0.18,10,3,Master,2,1
57,110102,308,88049,9,0.4,11,7,Bachelor,1,0
36,71919,633,73681,29,0.22,11,4,Master,2,0
64,119441,632,32818,21,0.58,2,8,Bachelor,1,0
44,47103,626,35544,5,0.44,7,8,Bachelor,1,0
